"Country","Year","Physicians density (per 1000 population)","Nursing and midwifery personnel density (per 1000 population)","Dentistry personnel density (per 1000 population)","Pharmaceutical personnel density (per 1000 population)","Laboratory health workers density (per 1000 population)","Environmental and public health workers density (per 1000 population)","Community and traditional health workers density (per 1000 population)","Other health workers density (per 1000 population)","Health management &amp; support workers density (per 1000 population)"
"Afghanistan"," 2014","0.304","0.36","0.011","0.034","","","","",""
"Afghanistan"," 2013","0.299","","","","","","","0.534",""
"Afghanistan"," 2012","0.253","","","0.028","","","","0.455",""
"Afghanistan"," 2011","0.263","","","0.029","","","","0.425",""
"Afghanistan"," 2010","0.247","","","0.029","","","","0.435",""
"Afghanistan"," 2009","0.222","0.634","","0.031","","","","0.454",""
"Afghanistan"," 2008","0.182","0.519","0.014","0.031","","","","0.457",""
"Afghanistan"," 2007","0.183","0.519","0.012","0.032","","","","",""
"Afghanistan"," 2006","0.168","0.462","0.013","0.033","","","","",""
"Afghanistan"," 2005","","0.612","","0.037","","","","",""
"Afghanistan"," 2001","0.2","0.231","","0.026","","","","",""
"Albania"," 2013","1.286","","","0.847","","","","",""
"Albania"," 2012","1.283","","","","","","","",""
"Albania"," 2011","1.24","","","0.481","","","","",""
"Albania"," 2010","1.254","","","0.456","","","","",""
"Albania"," 2006","","","0.339","","","","","",""
"Albania"," 1994","","5.161","","","","","","",""
"Algeria"," 2007","1.192","1.924","0.321","0.24","0.289","0.071","0.029","3.276","0.028"
"Algeria"," 2005","1.021","","0.271","0.183","","","","2.981","1.851"
"Algeria"," 2002","1.106","2.18","0.299","0.198","0.276","0.079","0.033","0.177","1.885"
"Andorra"," 2015","3.689","4.441","0.908","1.164","","","","3.434",""
"Andorra"," 2009","3.112","3.639","0.597","0.913","","","","",""
"Andorra"," 2003","3.263","","0.588","0.909","","","","",""
"Angola"," 2009","0.144","1.442","","","","","","0.265",""
"Angola"," 2004","0.067","1.069","0.013","0.053","0.117","","","0.015","0.015"
"Angola"," 1997","0.064","0.987","0","0.002","","","","",""
"Antigua and Barbuda"," 1999","0.158","3.064","","","","","","",""
"Antigua and Barbuda"," 1997","","","0.18","","","","","",""
"Argentina"," 2013","3.762","","","","","","","",""
"Argentina"," 2004","3.166","0.482","0.919","0.504","0.507","","","2.054",""
"Argentina"," 2001","3.231","0.443","0.959","0.565","0.528","","","1.906",""
"Argentina"," 1998","3.002","0.8","0.797","0.422","","","","",""
"Argentina"," 1994","","2.141","","","","","","",""
"Argentina"," 1992","2.639","2.05","0.651","0.312","0.223","0.03","","3.164","2.823"
"Armenia"," 2014","2.803","4.994","0.379","0.05","","","","1.708",""
"Armenia"," 2013","2.811","","0.406","0.049","","","","1.75",""
"Armenia"," 2012","2.805","","0.433","0.042","","","","1.762",""
"Armenia"," 2011","2.779","","0.437","0.041","","","","1.759",""
"Armenia"," 2010","2.759","","0.424","0.042","","","","1.715",""
"Australia"," 2013","3.374","12.344","0.562","0.827","","","","0.827",""
"Australia"," 2012","3.285","11.273","0.557","0.746","","","","0.785",""
"Australia"," 2011","3.282","","0.535","0.675","","","","0.754",""
"Australia"," 2010","","","","0.868","","","","0.919",""
"Australia"," 2009","2.885","9.246","0.666","1.001","","","","4.446",""
"Australia"," 2006","2.672","10.78","1.438","0.744","0.508","","0.049","10.326","0.095"
"Australia"," 2001","2.479","9.728","1.103","0.723","0.431","","0.197","1.986","25.29"
"Australia"," 1996","2.513","10.333","1.273","0.672","0.356","","0.039","6.668",""
"Austria"," 2015","5.15","","0.574","","","","","",""
"Austria"," 2014","5.064","8.192","0.575","0.663","","","","0.947",""
"Austria"," 2013","4.984","","0.572","0.697","","","","0.957",""
"Austria"," 2012","4.881","","0.567","0.689","","","","0.952",""
"Austria"," 2011","4.824","","0.563","0.677","","","","0.952",""
"Austria"," 2010","4.779","","0.558","0.665","","","","0.873",""
"Azerbaijan"," 2014","3.402","6.351","0.27","0.197","","","","0.03",""
"Azerbaijan"," 2013","3.415","","0.258","0.205","","","","0.034",""
"Azerbaijan"," 2012","3.454","","0.263","0.178","","","","0.035",""
"Azerbaijan"," 2011","3.407","","0.26","0.18","","","","0.035",""
"Azerbaijan"," 2010","3.636","","0.271","0.201","","","","0.035",""
"Bahamas"," 2008","2.717","3.99","0.33","0.459","0.491","","","0.41",""
"Bahamas"," 1998","1.076","4.561","0.072","","","","","",""
"Bahrain"," 2014","0.939","2.445","0.249","0.161","0.308","","","0.267",""
"Bahrain"," 2013","0.929","2.44","0.245","0.144","0.305","","","0.269",""
"Bahrain"," 2012","0.933","2.418","0.247","0.154","0.315","","","0.259",""
"Bahrain"," 2011","0.925","2.444","0.236","0.148","0.323","","","0.269",""
"Bahrain"," 2010","0.934","2.42","0.233","0.155","0.341","","","0.277",""
"Bahrain"," 2009","0.96","2.498","0.231","0.155","0.318","","","0.268",""
"Bahrain"," 2008","0.989","2.56","0.245","0.167","0.341","","","0.272",""
"Bahrain"," 2007","1.025","","","0.175","","","","",""
"Bahrain"," 2006","1.033","2.769","0.269","0.183","0.383","","","0.234",""
"Bahrain"," 2005","1.07","2.755","0.28","0.189","0.366","","","0.241",""
"Bahrain"," 2004","0.994","","0.423","","0.593","0.364","","1.734","2.551"
"Bahrain"," 2003","1.071","2.889","","0.183","0.393","","","0.118",""
"Bahrain"," 2002","1.092","2.91","","0.185","0.403","","","0.114",""
"Bahrain"," 2001","1.068","3.117","","0.194","0.417","","","0.106",""
"Bahrain"," 2000","1.017","2.971","","0.19","0.408","","","0.106",""
"Bangladesh"," 2012","0.389","0.213","0.045","0.417","0.054","0.009","0.476","0.065","0.324"
"Bangladesh"," 2011","0.374","0.198","0.046","0.402","0.048","0.008","0.393","0.062","0.317"
"Bangladesh"," 2010","0.354","0.186","0.041","0.385","0.041","0.007","","0.055",""
"Bangladesh"," 2009","0.345","0.173","0.037","0.377","0.035","0.006","","0.053",""
"Bangladesh"," 2008","0.333","0.164","0.033","0.317","0.031","0.006","","0.05",""
"Bangladesh"," 2007","0.32","0.158","0.022","","0.028","0.005","","0.049",""
"Bangladesh"," 2006","0.308","0.276","","","","","","",""
"Bangladesh"," 2005","0.3","0.276","0.016","","","0.043","0.147","0.046",""
"Bangladesh"," 2004","0.273","","0.018","","","0.041","0.328","0.042",""
"Bangladesh"," 2003","0.264","0.268","","","","","","",""
"Bangladesh"," 2002","","","0.014","0.056","","0.008","","0.004",""
"Bangladesh"," 2001","0.243","","","","","","","",""
"Barbados"," 2005","1.785","4.784","0.343","0.916","0.051","0.708","","0.42","0.022"
"Barbados"," 2001","1.552","5.837","0.229","0.683","0.262","0.717","","0.484","0.022"
"Barbados"," 2000","1.353","5.863","","","","0.904","","7.853",""
"Barbados"," 1995","1.351","5.133","0.23","0.638","0.298","0.668","","0.125","0.023"
"Belarus"," 2014","4.07","10.903","0.57","0.341","","","","",""
"Belarus"," 2013","3.925","","0.547","0.344","","","","",""
"Belarus"," 2012","3.873","","0.547","0.34","","","","",""
"Belarus"," 2011","3.788","","0.54","0.327","","","","",""
"Belarus"," 2010","3.511","","0.536","0.288","","","","",""
"Belgium"," 2014","2.971","","0.722","1.203","","","","1.857",""
"Belgium"," 2013","2.959","","0.714","1.191","","","","1.722",""
"Belgium"," 2012","2.941","","0.71","1.176","","","","1.692",""
"Belgium"," 2011","2.924","","0.707","1.167","","","","1.665",""
"Belgium"," 2010","2.911","10.078","0.702","1.155","","","","1.724",""
"Belgium"," 2009","","14.116","0.704","","","","","7.921","0.005"
"Belgium"," 2008","","","0.72","","","","","6.892","0.005"
"Belgium"," 2007","","","0.732","","","","","6.274","0.005"
"Belgium"," 2006","2.093","","0.74","","","","","2.414",""
"Belgium"," 2005","2.045","","0.732","","","","","2.377",""
"Belize"," 2009","0.768","1.816","0.038","0.357","","0.191","0.503","0.401",""
"Belize"," 2000","1.015","1.225","0.129","","","","","",""
"Benin"," 2013","0.146","0.604","","","0.098","","","",""
"Benin"," 2012","0.159","0.659","","","0.108","","","",""
"Benin"," 2008","0.06","0.794","0.004","0.002","0.027","0.024","","0.011","0.678"
"Benin"," 2004","0.039","0.731","0.002","0.001","0.06","0.022","0.011","0.016","0.414"
"Bhutan"," 2014","0.258","1.081","0.034","","","","","",""
"Bhutan"," 2012","0.261","0.99","","0.015","0.036","","0.862","1.162","2.43"
"Bhutan"," 2008","0.246","0.958","","0.128","0.014","0.055","","1.377","2.056"
"Bhutan"," 2007","0.211","0.8","0.095","0.128","0.245","0.117","0.684","0.274","1.834"
"Bhutan"," 2004","0.186","0.812","0.091","0.125","0.214","0.112","","0.225","1.887"
"Bolivia (Plurinational State of)"," 2011","0.473","1.006","0.112","0.065","0.079","0.008","","0.173","0.92"
"Bolivia (Plurinational State of)"," 2010","0.444","0.843","0.098","0.057","0.067","0.005","","0.131","0.438"
"Bolivia (Plurinational State of)"," 2007","0.336","0.616","0.063","0.035","0.047","0.004","","0.09","0.319"
"Bolivia (Plurinational State of)"," 2001","1.216","2.129","0.706","0.55","0.064","","0.118","0.586","0.954"
"Bosnia and Herzegovina"," 2014","","5.593","0.216","0.116","","","","0.111",""
"Bosnia and Herzegovina"," 2013","1.886","","0.212","0.112","","","","0.101",""
"Bosnia and Herzegovina"," 2012","1.835","","0.229","0.11","","","","0.098",""
"Bosnia and Herzegovina"," 2011","1.796","","0.211","0.102","","","","0.087",""
"Bosnia and Herzegovina"," 2010","1.738","","0.208","0.097","","","","0.082",""
"Botswana"," 2012","0.384","2.727","","","","","","",""
"Botswana"," 2009","0.345","2.898","0.072","0.182","0.23","0.002","0.083","1.559","3.587"
"Botswana"," 2008","0.338","2.854","0.05","0.121","0.189","0.002","0.229","1.457","3.286"
"Botswana"," 2006","0.312","2.641","","","","","0.485","",""
"Botswana"," 2005","0.25","2.397","","","","","0.494","",""
"Botswana"," 2004","0.389","2.589","0.021","0.181","0.151","0.094","","0.452",""
"Botswana"," 2003","0.291","2.458","","","","","0.479","",""
"Botswana"," 2002","0.3","2.321","","","","","0.482","",""
"Botswana"," 2001","0.289","2.266","","","","","0.466","",""
"Botswana"," 2000","0.287","2.487","","","","","0.731","",""
"Botswana"," 1999","0.297","2.922","","","","","0.454","",""
"Botswana"," 1998","0.253","2.542","","","","","0.442","",""
"Brazil"," 2013","1.852","7.444","","","","","","",""
"Brazil"," 2011","1.821","","","","","","","",""
"Brazil"," 2010","1.787","7.282","1.22","0.719","","","","0.357",""
"Brazil"," 2009","1.791","","1.176","","","","","0.322",""
"Brazil"," 2008","1.755","6.386","1.166","0.534","","","","1.103",""
"Brazil"," 2007","1.707","6.452","1.14","0.54","","","","0.195",""
"Brazil"," 2006","1.678","3.727","1.139","0.546","","","","0.196",""
"Brazil"," 2005","1.645","3.734","1.103","0.529","","","","0.154",""
"Brazil"," 2004","1.569","3.686","0.957","","","","","0.149",""
"Brazil"," 2003","1.46","3.623","0.931","","","","","0.149",""
"Brazil"," 2002","1.406","3.349","0.901","","","","","0.14",""
"Brazil"," 2001","1.38","2.969","0.866","0.374","","","","0.149",""
"Brazil"," 2000","1.127","3.749","1.083","0.292","0.51","0.95","","1.089","4.775"
"Brazil"," 1999","1.367","2.53","0.84","","","","","0.153",""
"Brazil"," 1998","1.27","2.265","0.811","","","","","0.149",""
"Brazil"," 1997","1.286","2.047","0.612","0.334","","","","0.14",""
"Brazil"," 1996","1.25","1.837","","","","","","",""
"Brazil"," 1995","1.219","1.569","","","","","","",""
"Brazil"," 1994","1.189","1.409","","","","","","",""
"Brazil"," 1993","1.16","1.257","","","","","","",""
"Brazil"," 1992","1.132","1.137","","","","","","",""
"Brazil"," 1990","1.076","0.941","","","","","","",""
"Brunei Darussalam"," 2012","1.47","8.195","0.429","0.412","0.72","0.118","","0.449",""
"Brunei Darussalam"," 2011","1.522","7.856","0.238","0.12","0.806","","","0.293",""
"Brunei Darussalam"," 2010","1.431","7.391","0.219","0.109","","","","",""
"Brunei Darussalam"," 2009","1.15","5.079","0.186","0.109","","","","",""
"Brunei Darussalam"," 2008","1.481","5.097","0.215","0.118","","","","",""
"Brunei Darussalam"," 2007","1.05","5.114","0.216","0.112","","","","0.072",""
"Brunei Darussalam"," 2006","1.084","5.351","0.204","0.111","","","","",""
"Brunei Darussalam"," 2005","1.078","5.543","0.202","0.113","","","","",""
"Brunei Darussalam"," 2004","1.302","5.412","0.191","0.115","","","","",""
"Brunei Darussalam"," 2002","1.165","6.174","0.204","0.087","","","","",""
"Brunei Darussalam"," 2000","1.016","3.921","0.145","0.272","","","","",""
"Bulgaria"," 2014","3.999","4.865","0.98","","","","","0.239",""
"Bulgaria"," 2013","3.984","","1.006","","","","","0.216",""
"Bulgaria"," 2012","3.916","","0.924","","","","","0.211",""
"Bulgaria"," 2011","3.859","","0.908","","","","","0.206",""
"Bulgaria"," 2010","3.775","","0.863","","","","","0.201",""
"Bulgaria"," 2001","","","","0.129","","","","",""
"Bulgaria"," 1999","","","","0.168","","","","",""
"Burkina Faso"," 2012","0.047","0.63","0.002","0.021","0.034","0.005","0.127","0.173",""
"Burkina Faso"," 2011","0.038","0.456","","0.014","","","","",""
"Burkina Faso"," 2010","0.046","0.553","0.002","0.022","0.037","","0.126","0.167",""
"Burkina Faso"," 2009","0.045","0.404","","0.011","","","","",""
"Burkina Faso"," 2008","0.032","0.37","0.005","","","","","",""
"Burkina Faso"," 2004","0.054","0.503","0.004","0.026","0.032","0.004","0.099","0.144","0.016"
"Burundi"," 2011","","","","0.018","","","","",""
"Burundi"," 2004","0.026","0.176","0.002","0.01","0.019","","0.086","0.155","0.272"
"Côte d'Ivoire"," 2008","0.143","0.479","0.014","0.021","","0.074","","0.163","0.133"
"Côte d'Ivoire"," 2005","0.094","0.496","0.011","0.007","","","","0.234","0.133"
"Côte d'Ivoire"," 2004","0.117","0.572","0.019","0.057","0.065","0.009","","0.01","0.118"
"Cabo Verde"," 2011","0.309","0.563","0.006","0.01","0.105","0.002","","0.069","0.032"
"Cabo Verde"," 2010","0.341","0.524","0.008","0.008","0.126","","","0.051","0.004"
"Cabo Verde"," 2009","0.267","0.522","0.006","0.008","0.101","","","0.058","0.004"
"Cabo Verde"," 2008","0.287","0.504","0.006","0.006","0.11","","","0.068","0.004"
"Cabo Verde"," 2007","0.283","0.524","0.006","0.006","0.1","","","0.054","0.004"
"Cabo Verde"," 2006","0.253","0.527","0.006","0.008","0.098","","","0.061","0.004"
"Cabo Verde"," 2004","0.493","0.874","0.023","0.092","0.166","0.019","0.139","0.09","0.158"
"Cambodia"," 2013","0.168","0.956","0.02","0.04","0.038","","","0.059","0.08"
"Cambodia"," 2012","0.165","0.92","0.019","0.038","0.037","","","0.061","0.072"
"Cambodia"," 2011","0.226","0.87","0.02","","","","","0.045",""
"Cambodia"," 2010","0.229","0.853","0.017","0.038","","","","0.046",""
"Cambodia"," 2009","0.237","0.851","0.017","0.039","","","","0.037",""
"Cambodia"," 2008","0.244","0.842","0.019","0.041","","","","0.037",""
"Cambodia"," 2004","","","","","","","0.125","",""
"Cambodia"," 2000","0.168","0.912","0.017","0.046","","","","",""
"Cambodia"," 1998","0.147","1.004","0.018","0.053","0.052","","","0.151",""
"Cambodia"," 1996","0.113","1.055","0.017","0.045","0.047","","","0.137",""
"Cameroon"," 2010","0.083","0.52","0.003","0.002","","","","",""
"Cameroon"," 2009","0.067","0.38","0.002","0.001","","","","0.401","0.001"
"Cameroon"," 2007","0.069","0.431","0.002","0.002","","","","0.323","0.001"
"Cameroon"," 2005","0.058","0.37","0.001","0.001","","","","0.138","0.001"
"Cameroon"," 2004","0.177","1.474","0.008","0.04","0.101","0.002","","0.001","0.334"
"Canada"," 2013","","9.501","","0.925","","","","0.543",""
"Canada"," 2012","2.477","9.356","","0.907","","","","0.53",""
"Canada"," 2011","","9.247","","","","","","0.512",""
"Canada"," 2010","2.041","9.335","","","0.542","","","0.495",""
"Canada"," 2009","","10.388","","0.905","1.121","","","0.902",""
"Canada"," 2008","1.961","10.302","1.253","0.87","1.129","0.037","","3.227","0.118"
"Canada"," 2007","","10.132","","0.864","0.601","","","0.871",""
"Canada"," 2006","1.911","10.034","1.175","0.83","1.123","0.042","","3.385","0.099"
"Canada"," 2005","","9.956","","","0.623","","","",""
"Canada"," 2004","1.899","9.916","1.123","0.894","1.108","0.038","","3.23","0.077"
"Canada"," 2003","","","","","0.604","","","",""
"Canada"," 2002","1.899","9.48","1.09","0.842","1.064","0.036","","2.937","0.077"
"Canada"," 2001","1.889","10.022","1.071","0.827","1.059","0.035","","2.832","0.078"
"Canada"," 2000","","","","","0.579","","","",""
"Canada"," 1998","1.863","10.196","1.018","0.768","1.06","","","2.336","0.094"
"Central African Republic"," 2009","0.047","0.252","0.003","0.003","0.009","0.052","0.393","0.066","0.008"
"Central African Republic"," 2008","0.04","0.195","0.003","0.002","0.007","0.02","0.408","0.066","0.008"
"Central African Republic"," 2004","0.083","0.404","0.003","0.004","0.012","0.014","0.053","0.116","0.042"
"Chad"," 2013","0.044","0.309","","0.005","","","","",""
"Chad"," 2012","0.042","0.28","","0.005","","","","",""
"Chad"," 2006","0.035","0.181","","","","","","",""
"Chad"," 2004","0.036","0.257","0.002","0.004","0.033","0.024","0.028","0.016","0.155"
"Chad"," 2000","0.028","0.125","","","","","","",""
"Chad"," 1999","0.029","0.06","","","","","","",""
"Chad"," 1998","0.02","0.056","","","","","","",""
"Chad"," 1997","0.026","0.048","","","","","","",""
"Chile"," 2014","","","","","","","","0.906",""
"Chile"," 2013","","","","","","","","0.732",""
"Chile"," 2012","","","","","","","","0.563",""
"Chile"," 2011","","","","","","","","0.389",""
"Chile"," 2010","","","","","","","","0.339",""
"Chile"," 2009","1.033","0.145","0.001","0.002","0.002","","","0.607",""
"Chile"," 2008","1.043","0.147","0.001","0.002","0.002","","","0.614",""
"Chile"," 2007","1.041","0.141","0.001","0.002","0.002","","","0.501",""
"Chile"," 2006","1.045","0.143","0.001","0.002","0.002","","","0.499",""
"Chile"," 2005","0.986","0.131","0.001","0.002","0.002","","","0.388",""
"Chile"," 2004","0.991","0.131","0.001","0.002","0.002","","","0.385",""
"Chile"," 2003","0.954","0.131","0.001","0.002","0.002","","","0.343",""
"Chile"," 2002","0.9","0.115","0.001","0.002","0.002","","","0.268",""
"Chile"," 1992","1.006","4.542","0.778","0.375","","0.026","0.021","2.969",""
"China"," 2011","1.49","1.655","","0.268","","","0.831","1.819","0.723"
"China"," 2010","1.463","1.519","","0.262","0.171","","0.81","0.215","0.704"
"China"," 2009","1.421","1.383","","0.255","0.165","","0.83","0.793","0.686"
"China"," 2008","","1.258","","0.248","","","0.703","1.65","0.663"
"China"," 2007","","1.175","","0.245","","","0.702","1.6","0.66"
"China"," 2006","","1.081","","0.268","","","0.725","1.59","0.576"
"China"," 2005","","1.028","0.039","0.266","","","0.698","1.555","0.564"
"China"," 2004","","1.002","","0.272","","","0.676","1.531","0.578"
"China"," 2003","","0.975","","","","","0.668","","0.347"
"China"," 2002","1.133","0.965","","0.277","","","","1.428","0.61"
"China"," 2000","1.255","0.992","","0.324","","","1.033","1.625","0.738"
"China"," 1999","1.23","0.98","","0.33","","","1.043","1.61","0.757"
"China"," 1998","1.199","0.966","","0.336","","","1.052","1.584","0.766"
"China"," 1997","1.2","0.955","","0.342","","","1.051","1.583","0.785"
"China"," 1996","1.185","0.934","","0.341","","","1.057","1.559","0.789"
"China"," 1995","1.179","0.912","","0.339","","","1.078","1.651","0.807"
"China"," 1990","1.123","0.84","","0.35","","","1.061","1.519","0.795"
"Colombia"," 2010","1.568","0.656","0.977","","","","","",""
"Colombia"," 2009","1.544","0.644","0.954","","","","","",""
"Colombia"," 2008","1.521","0.632","0.931","","","","","",""
"Colombia"," 2007","1.497","0.62","0.908","","","","","",""
"Colombia"," 2006","1.474","0.609","0.886","","","","","",""
"Colombia"," 2005","1.451","0.597","0.863","","","","","",""
"Colombia"," 2004","","0.586","0.841","","","","","",""
"Colombia"," 2003","","0.574","0.819","","","","","",""
"Colombia"," 2002","1.413","0.576","0.817","","","","","",""
"Colombia"," 2001","","0.551","0.774","","","","","",""
"Colombia"," 2000","","","0.751","","","","","",""
"Colombia"," 1999","1.3","0.526","0.726","","","","","",""
"Colombia"," 1998","1.268","0.51","0.702","","","","","",""
"Colombia"," 1997","1.233","0.486","0.676","","","","","",""
"Colombia"," 1996","1.199","0.478","0.644","","","","","",""
"Colombia"," 1995","","0.466","0.614","","","","","",""
"Colombia"," 1994","1.14","0.455","0.588","","","","","",""
"Colombia"," 1993","1.112","0.442","0.569","","","","","",""
"Colombia"," 1992","1.07","0.432","0.548","","","","","",""
"Colombia"," 1991","1.026","0.421","0.521","","","","","",""
"Colombia"," 1990","0.98","0.409","0.49","","","","","",""
"Comoros"," 2004","0.19","0.974","0.048","0.068","0.104","0.028","0.068","0.017","0.449"
"Congo"," 2007","0.108","0.94","","0.017","0.098","0.005","","0.084","0.704"
"Congo"," 2006","0.217","1.457","","0.031","0.143","0.285","","0.739","0.287"
"Congo"," 2004","0.222","1.076","0.004","0.029","0.162","0.003","0.036","0.28","0.289"
"Congo"," 1998","0.73","9.198","0.034","0.086","0.145","","","0.146","0.177"
"Cook Islands"," 2009","1.191","5.756","0.943","0.397","0.447","1.141","0.447","3.672","0.893"
"Cook Islands"," 2004","1.049","4.195","0.524","0.105","","","","",""
"Cook Islands"," 2001","0.778","2.889","0.555","0.111","","","","",""
"Costa Rica"," 2013","1.15","0.796","0.127","0.189","0.133","","","0.05","0.136"
"Costa Rica"," 2011","","","","0.821","","","","",""
"Costa Rica"," 2000","1.326","0.931","0.485","0.535","","0.323","","3.172","4.689"
"Croatia"," 2014","3.126","6.141","0.782","0.711","","","","0.811",""
"Croatia"," 2013","3.021","","0.755","0.698","","","","0.744",""
"Croatia"," 2012","2.979","","0.752","0.701","","","","0.738",""
"Croatia"," 2011","2.903","","0.735","0.691","","","","0.721",""
"Croatia"," 2010","2.851","","0.732","0.661","","","","0.692",""
"Croatia"," 1999","1.806","","","0.337","","","","",""
"Croatia"," 1998","1.915","","","0.345","","","","",""
"Croatia"," 1997","2.055","","","0.355","","","","",""
"Croatia"," 1996","2.06","","","0.347","","","","",""
"Croatia"," 1995","1.969","","","0.334","","","","",""
"Croatia"," 1994","1.962","","","0.343","","","","",""
"Croatia"," 1993","1.976","","","0.362","","","","",""
"Croatia"," 1992","1.996","","","0.369","","","","",""
"Croatia"," 1991","1.954","","","0.363","","","","",""
"Croatia"," 1990","2.125","","","0.389","","","","",""
"Cuba"," 2014","7.519","7.976","1.848","0.269","0.776","0.122","","4.344",""
"Cuba"," 2013","7.366","7.777","1.734","0.258","0.682","0.117","","4.462",""
"Cuba"," 2012","7.235","8.123","1.694","0.331","0.724","0.144","","4.551",""
"Cuba"," 2011","6.943","","1.13","","","","","",""
"Cuba"," 2010","6.766","9.11","1.074","0.412","0.89","0.247","","5.373","0.19"
"Cuba"," 2009","6.628","","1.024","","","","","",""
"Cuba"," 2008","6.603","","0.995","","","","","",""
"Cuba"," 2007","6.418","8.667","0.965","0.625","0.957","0.303","","8.546",""
"Cuba"," 2006","6.34","","0.954","","","","","",""
"Cuba"," 2005","6.269","","0.937","","","","","",""
"Cuba"," 2004","6.202","","0.93","","","","","",""
"Cuba"," 2003","6.065","","0.907","","","","","",""
"Cuba"," 2002","5.997","7.5","0.89","","","","","",""
"Cuba"," 2001","5.948","","0.886","","","","","",""
"Cuba"," 2000","5.937","","0.892","","","","","",""
"Cuba"," 1999","5.854","","0.895","","","","","",""
"Cuba"," 1998","5.749","","0.894","","","","","",""
"Cuba"," 1997","5.693","","0.892","","","","","",""
"Cuba"," 1996","5.489","","0.876","","","","","",""
"Cuba"," 1995","5.211","","0.839","","","","","",""
"Cuba"," 1994","4.981","","0.814","","","","","",""
"Cuba"," 1993","4.727","","0.79","","","","","",""
"Cuba"," 1992","4.365","","0.75","","","","","",""
"Cuba"," 1991","3.998","","0.705","","","","","",""
"Cuba"," 1990","3.656","","0.658","","","","","",""
"Cyprus"," 2015","","","","","","","","0.583",""
"Cyprus"," 2014","2.496","3.908","0.727","0.163","","","","0.635",""
"Cyprus"," 2013","2.412","","0.726","0.164","","","","0.074",""
"Cyprus"," 2012","2.308","","0.723","0.173","","","","0.08",""
"Cyprus"," 2011","2.265","","0.701","0.17","","","","0.073",""
"Cyprus"," 2010","2.174","","0.699","0.164","","","","0.069",""
"Cyprus"," 2009","2.121","3.49","0.694","","","","","0.946",""
"Cyprus"," 2008","2.059","3.445","0.735","0.195","0.417","0.088","","0.195","0.006"
"Cyprus"," 2007","2.016","3.398","0.68","","","","","",""
"Cyprus"," 2006","","","","","0.348","0.084","","0.176","0.005"
"Cyprus"," 2002","","3.055","","0.147","","","","",""
"Cyprus"," 2000","","","","","","","","0.589",""
"Cyprus"," 1995","1.879","3.298","0.635","","","","","0.636",""
"Cyprus"," 1990","1.564","3.232","0.558","","","","","0.588",""
"Czechia"," 2014","","8.326","0.75","0.638","","","","3.162",""
"Czechia"," 2013","3.677","","0.704","0.605","","","","3.072",""
"Czechia"," 2012","3.663","","0.708","0.6","","","","3.036",""
"Czechia"," 2011","3.624","","0.705","0.591","","","","2.991",""
"Czechia"," 2010","3.585","","0.691","0.577","","","","2.968",""
"Democratic People's Republic of Korea"," 2011","2.777","4.091","0.175","0.35","","","","",""
"Democratic People's Republic of Korea"," 2003","3.181","3.984","0.355","0.576","0.041","0.115","","2.898",""
"Democratic Republic of the Congo"," 2009","0.091","0.961","0.001","0.008","0.038","0.003","","0.095","0.793"
"Denmark"," 2013","3.648","16.81","0.764","0.505","","","","10.754",""
"Denmark"," 2012","3.652","","0.782","0.497","","","","10.85",""
"Denmark"," 2011","3.622","","0.79","0.482","","","","10.953",""
"Denmark"," 2010","3.582","","0.808","0.473","","","","11.197",""
"Denmark"," 2009","3.403","15.992","0.803","","","","","1.414",""
"Denmark"," 2008","3.395","15.475","0.84","","","","","1.349",""
"Denmark"," 2005","3.202","14.991","0.855","","","","","1.196",""
"Denmark"," 2004","3.045","14.513","0.855","","","","","0.987",""
"Denmark"," 2003","3.001","14.867","0.85","","","","","0.937",""
"Denmark"," 2001","3.66","17.199","0.903","","","","","1.318",""
"Denmark"," 2000","","","","","","","","1.287",""
"Denmark"," 1999","","14.273","","","","","","0.94",""
"Denmark"," 1997","2.916","14.191","0.877","","","","","0.872",""
"Denmark"," 1995","2.903","","","","","","","",""
"Denmark"," 1994","2.898","14.333","0.879","","","","","0.864",""
"Djibouti"," 2014","0.229","0.557","0.022","0.24","","","","",""
"Djibouti"," 2008","","","","0.329","","","","",""
"Djibouti"," 2006","0.234","","","0.02","","","","",""
"Djibouti"," 2005","0.18","0.578","","0.053","0.108","0.026","","0.208","0.298"
"Djibouti"," 2004","0.168","0.386","0.013","0.023","0.109","","0.03","0.207","0.302"
"Djibouti"," 2002","","0.738","","","","","","",""
"Djibouti"," 1999","0.131","0.694","0.008","0.011","","","","0.077",""
"Dominica"," 2001","1.78","6.288","0.301","0.258","","0.933","","2.268",""
"Dominica"," 1997","0.537","4.48","0.057","","","","","",""
"Dominican Republic"," 2011","1.494","1.334","0.19","","","","","0.11",""
"Dominican Republic"," 2009","","1.299","0.183","","","","","0.096",""
"Dominican Republic"," 2008","1.078","","0.125","","","","","0.087",""
"Dominican Republic"," 2000","1.83","1.793","0.818","0.389","","","","",""
"Ecuador"," 2011","1.665","2.084","0.276","0.053","","","","0.863","1.462"
"Ecuador"," 2009","1.607","1.89","0.229","0.045","","","","0.836","1.352"
"Ecuador"," 2003","1.506","1.533","0.167","0.037","","","","0.791","1.034"
"Ecuador"," 2002","1.575","1.636","0.171","0.038","","","","0.859","1.139"
"Ecuador"," 2001","1.551","1.591","0.165","0.038","","","","0.821","1.126"
"Ecuador"," 2000","1.452","1.63","0.163","0.039","","","","0.844","1.157"
"Ecuador"," 1999","1.377","1.659","0.161","0.035","","","","0.865","1.208"
"Ecuador"," 1998","1.317","1.638","0.156","0.032","","","","0.864","1.236"
"Ecuador"," 1997","1.33","1.711","0.159","0.03","","","","0.877","1.219"
"Ecuador"," 1996","1.317","1.702","0.155","0.028","","","","0.846","1.195"
"Ecuador"," 1995","1.247","1.606","0.153","","","","","0.038","0.33"
"Ecuador"," 1994","1.275","1.641","0.156","0.024","","","","0.829","1.214"
"Ecuador"," 1993","1.109","1.444","0.141","0.024","","","","0.792","1.013"
"Ecuador"," 1992","1.201","1.689","0.171","0.025","","","","0.859","1.24"
"Ecuador"," 1991","1.167","1.667","0.158","0.025","","","","0.853","1.221"
"Ecuador"," 1990","0.958","1.6","0.148","0.022","","","","0.802","1.189"
"Egypt"," 2014","0.814","1.434","0.165","0.329","","","","",""
"Egypt"," 2009","2.804","","","","","","","",""
"Egypt"," 2007","2.604","","","","","","","",""
"Egypt"," 2005","2.401","","","","","","","",""
"Egypt"," 2004","","1.994","0.135","","0.272","0.13","","0.05","0.07"
"Egypt"," 2003","0.533","","","","","","","",""
"El Salvador"," 2008","1.922","0.488","0.778","0.386","0.364","","","0.917",""
"El Salvador"," 2005","1.741","0.35","0.715","0.383","0.294","","","0.715",""
"El Salvador"," 2002","1.351","0.869","0.59","","","","","",""
"El Salvador"," 1999","1.258","0.681","0.513","0.281","0.156","","","0.359",""
"Equatorial Guinea"," 2004","0.252","0.447","0.025","0.2","0.139","0.03","2.103","","0.122"
"Eritrea"," 2004","0.053","0.616","0.004","0.026","0.061","0.022","","0.014","0.188"
"Estonia"," 2014","3.316","5.971","0.923","0.675","","","","3.05",""
"Estonia"," 2013","3.277","","0.895","0.668","","","","2.928",""
"Estonia"," 2012","3.28","","0.903","0.64","","","","3.02",""
"Estonia"," 2011","3.292","","0.888","0.626","","","","3.046",""
"Estonia"," 2010","3.242","","0.899","0.632","","","","2.807",""
"Estonia"," 2000","4.373","8.639","1.249","0.415","","0.082","0.031","4.142","7.761"
"Ethiopia"," 2009","0.025","0.252","","0.031","0.035","0.015","0.363","0.057",""
"Ethiopia"," 2008","0.025","0.202","","0.041","0.037","0.02","0.296","0.041",""
"Ethiopia"," 2007","0.022","0.224","","0.015","","0.014","0.218","0.053",""
"Ethiopia"," 2006","0.027","0.227","","0.025","0.028","0.016","","0.091",""
"Ethiopia"," 2005","0.032","0.246","","0.021","0.043","0.017","","0.093",""
"Ethiopia"," 2004","0.027","0.209","","0.018","0.036","0.016","0.211","0.098",""
"Ethiopia"," 2003","0.027","0.215","0.001","0.019","0.037","0.019","0.258","0.102",""
"Fiji"," 2009","0.437","2.297","0.201","0.089","0.212","0.139","","0.146","0.31"
"Fiji"," 2008","0.4","2.116","","","","","","",""
"Fiji"," 2003","0.465","2.033","0.073","0.11","","","","",""
"Fiji"," 1999","0.336","1.954","0.04","","","","","",""
"Finland"," 2014","","","","","","","","2.462",""
"Finland"," 2013","3.009","","","","","","","2.452",""
"Finland"," 2012","3.001","14.513","0.781","1.264","","","","23.049",""
"Finland"," 2011","2.982","","0.777","1.111","","","","22.543",""
"Finland"," 2010","2.986","","0.789","1.107","","","","21.842",""
"Finland"," 2009","2.881","","0.752","","","","","1.756",""
"Finland"," 2002","3.162","15.075","1.283","1.121","1.946","","","3.692",""
"France"," 2015","3.227","10.605","0.662","1.091","","","","1.343",""
"France"," 2014","3.215","","0.659","1.094","","","","1.304",""
"France"," 2013","3.187","","0.659","1.091","","","","1.265",""
"France"," 2012","3.175","","0.657","1.094","","","","1.224",""
"France"," 2011","3.16","","0.656","1.086","","","","1.188",""
"France"," 2010","","","","","","","","1.157",""
"France"," 2008","","7.943","0.665","1.158","","","","2.506",""
"France"," 2007","3.674","8.083","0.669","1.138","","","","2.516",""
"France"," 2006","","7.888","","","","","","2.389",""
"France"," 2005","","7.659","","","","","","2.321",""
"France"," 2004","","7.454","","","","","","2.246",""
"France"," 2003","","7.262","0.672","1.057","","","","2.175",""
"France"," 2002","","7.091","0.674","1.033","","","","2.112",""
"France"," 2001","","6.904","0.677","1.011","","","","2.052",""
"France"," 2000","","6.69","0.683","0.983","","","","1.985",""
"France"," 1999","","6.447","0.678","0.951","","","","1.918",""
"France"," 1998","","","0.67","1","","","","",""
"France"," 1997","","","0.673","0.94","","","","",""
"France"," 1996","3.225","6.097","0.677","0.944","","","","",""
"France"," 1995","","","0.682","0.924","","","","",""
"France"," 1994","","","0.677","0.915","","","","",""
"France"," 1993","","","0.673","0.912","","","","",""
"France"," 1992","","","0.669","0.898","","","","",""
"France"," 1991","3.067","5.575","0.667","0.891","","","","",""
"Gabon"," 2004","0.293","5.03","0.049","0.047","0.205","0.111","","0.146","0.107"
"Gabon"," 1999","","","","0.028","","","","",""
"Gabon"," 1998","","","","0.029","","","","",""
"Gabon"," 1997","","","","0.028","","","","",""
"Gabon"," 1996","","","","0.024","","","","",""
"Gabon"," 1995","0.295","","","0.021","","","","",""
"Gabon"," 1994","0.262","","","0.024","","","","",""
"Gabon"," 1993","0.218","","","0.025","","","","",""
"Gabon"," 1991","0.193","","","","","","","",""
"Gambia"," 2008","0.11","0.889","0.03","0.047","0.072","0.05","0.725","1.015","0.179"
"Gambia"," 2007","0.103","0.822","0.03","0.037","0.062","0.038","0.752","1.036","0.185"
"Gambia"," 2006","0.118","0.506","0.007","0.007","0.042","0.032","","","0.141"
"Gambia"," 2005","0.115","0.508","0.007","0.008","0.04","0.032","","","0.142"
"Gambia"," 2004","0.119","0.498","","0.011","0.029","0.032","","","0.147"
"Gambia"," 2003","0.116","1.393","0.032","0.036","0.073","0.024","0.717","0.002","0.29"
"Georgia"," 2014","4.776","3.821","0.533","0.076","","","","0.023",""
"Georgia"," 2013","4.477","","0.494","0.084","","","","0.025",""
"Georgia"," 2012","4.406","","0.485","0.074","","","","0.024",""
"Georgia"," 2011","4.377","","0.415","0.08","","","","0.033",""
"Georgia"," 2010","4.289","","0.296","0.083","","","","0.035",""
"Georgia"," 2009","4.794","3.239","","","","","","2.47",""
"Georgia"," 2008","4.663","3.315","","","","","","2.54",""
"Germany"," 2014","4.125","13.479","0.857","0.645","","","","2.17",""
"Germany"," 2013","4.039","","0.847","0.638","","","","2.098",""
"Germany"," 2012","3.944","","0.841","0.627","","","","2.013",""
"Germany"," 2011","3.87","","0.833","0.63","","","","1.915",""
"Germany"," 2010","3.775","","0.826","0.629","","","","1.828",""
"Ghana"," 2010","0.096","0.926","","","","","","",""
"Ghana"," 2009","0.086","1.053","","","","","","",""
"Ghana"," 2008","0.112","0.988","0.006","0.072","0.012","0.002","0.195","0.026","0.011"
"Ghana"," 2007","0.074","","0.002","0.046","","","","0.126","0.941"
"Ghana"," 2004","0.155","0.946","0.019","0.067","0.043","","","0.342","0.919"
"Greece"," 2014","6.255","3.44","1.25","1.053","","","","1.199",""
"Greece"," 2013","6.231","","1.258","1.037","","","","1.184",""
"Greece"," 2012","6.23","","1.279","1.008","","","","1.181",""
"Greece"," 2011","6.226","","1.302","1.007","","","","1.182",""
"Greece"," 2010","6.197","","1.312","0.998","","","","1.179",""
"Grenada"," 2011","","","","0.847","","","","",""
"Grenada"," 2006","0.668","3.854","0.184","0.203","","0.707","","3.816",""
"Grenada"," 2003","0.567","3.575","0.127","0.215","0.195","0.147","0.44","0.068","0.039"
"Grenada"," 2002","0.568","3.585","0.127","0.215","0.196","0.147","0.441","0.069","0.039"
"Grenada"," 2001","0.569","3.594","0.128","0.216","0.196","0.147","0.442","0.069","0.039"
"Grenada"," 2000","0.571","3.602","0.138","0.216","0.197","0.128","0.443","0.069","0.039"
"Grenada"," 1999","0.582","3.884","0.138","0.217","0.197","0.148","0.444","0.069","0.039"
"Grenada"," 1998","","","","0.681","","","0.395","",""
"Grenada"," 1997","0.405","","0.069","","","","","",""
"Guatemala"," 2009","0.897","0.864","","","","","","",""
"Guatemala"," 2007","","","0.172","","","","","",""
"Guatemala"," 1999","0.873","","0.179","","","","","",""
"Guinea"," 2005","0.097","","0.003","0.021","0.026","0.007","0.018","0.444","0.049"
"Guinea"," 2004","0.104","0.466","0.006","","0.028","0.014","0.01","0.045","0.054"
"Guinea"," 2000","0.087","0.432","0.004","0.023","0.038","0.023","","0.064","0.05"
"Guinea-Bissau"," 2009","0.078","0.653","0.008","0.013","0.13","0.004","","0.956",""
"Guinea-Bissau"," 2008","0.05","0.61","0.004","0.024","0.13","0.037","","0.024","0.421"
"Guinea-Bissau"," 2004","0.131","0.749","0.015","0.028","0.161","0.009","3.133","0.043","0.027"
"Guyana"," 2010","0.214","0.53","","","","","0.325","0.102",""
"Guyana"," 2009","0.214","1.317","0.061","0.116","0.104","","0.326","0.14",""
"Guyana"," 2000","0.493","2.342","0.04","","","","","",""
"Haiti"," 1998","0.236","0.101","0.011","","","","","",""
"Honduras"," 2005","0.39","1.133","","","","0.157","","0.444","0.804"
"Honduras"," 2000","0.589","1.366","0.22","0.148","","0.034","","0.47",""
"Hungary"," 2014","3.316","6.568","0.627","0.768","","","","3.113",""
"Hungary"," 2013","3.199","","0.601","0.758","","","","3.024",""
"Hungary"," 2012","3.077","","0.563","0.571","","","","2.919",""
"Hungary"," 2011","2.953","","0.524","0.575","","","","2.889",""
"Hungary"," 2010","2.864","","0.525","0.581","","","","2.577",""
"Hungary"," 2009","3.507","","","","","","","",""
"Hungary"," 2008","3.591","","","","","","","",""
"Hungary"," 2007","3.2","","","","","","","",""
"Hungary"," 2006","3.5","","","","","","","",""
"Hungary"," 2005","3.225","","","","","","","",""
"Hungary"," 2004","3.843","","","","","","","",""
"Hungary"," 2003","3.771","","","","","","","",""
"Hungary"," 2002","3.668","","","","","","","",""
"Hungary"," 1999","3.549","","","","","","","",""
"Hungary"," 1998","3.515","","","","","","","",""
"Hungary"," 1997","3.441","","","","","","","",""
"Hungary"," 1996","3.389","","","","","","","",""
"Hungary"," 1995","3.346","","","","","","","",""
"Hungary"," 1994","3.342","","","","","","","",""
"Hungary"," 1993","3.29","","","","","","","",""
"Hungary"," 1992","3.333","","","","","","","",""
"Hungary"," 1991","3.265","","","","","","","",""
"Hungary"," 1990","3.166","","","","","","","",""
"Iceland"," 2015","3.791","16.353","0.844","1.123","","","","1.664",""
"Iceland"," 2014","3.645","","0.837","1.109","","","","1.622",""
"Iceland"," 2013","3.59","","0.836","1.106","","","","1.583",""
"Iceland"," 2012","3.531","","0.835","1.107","","","","1.54",""
"Iceland"," 2011","","","0.882","1.184","","","","1.464",""
"Iceland"," 2010","3.591","","0.94","1.148","","","","1.487",""
"Iceland"," 2009","3.713","16.291","0.98","1.855","1.311","0.169","","3.235",""
"Iceland"," 2008","3.735","16.05","1.029","1.874","1.3","0.177","","3.193",""
"Iceland"," 2007","3.69","15.081","1.025","1.349","1.29","0.17","","3.009",""
"Iceland"," 2006","3.633","14.647","1.014","1.316","1.29","0.176","","1.961",""
"Iceland"," 2005","3.606","14.753","1.058","1.308","1.321","0.175","","1.941",""
"Iceland"," 2004","3.603","14.409","0.979","1.3","1.32","","","1.9",""
"Iceland"," 2003","3.613","14.367","0.994","1.297","","","","",""
"Iceland"," 2002","3.587","14.028","1.004","1.304","1.307","","","0.429",""
"Iceland"," 2001","3.485","13.956","1.003","1.222","1.327","","","2.2",""
"Iceland"," 2000","3.442","13.989","","1.188","1.348","","","2.066",""
"India"," 2014","0.725","","0.119","","","","","",""
"India"," 2013","","2.049","","0.519","","","","0.576",""
"India"," 2012","0.699","","0.096","0.499","","","","",""
"India"," 2011","0.739","1.703","0.094","0.527","","","","0.504",""
"India"," 2010","0.663","1.539","","0.533","","","","0.578",""
"India"," 2009","0.624","1.402","0.086","0.54","","","","0.62",""
"India"," 2008","0.615","1.38","0.078","","","","","0.631",""
"India"," 2007","0.6","1.333","0.062","","","","","0.615",""
"India"," 2006","0.587","","0.067","0.498","","","","0.614",""
"India"," 2005","0.577","1.294","0.048","","","","","0.627",""
"India"," 2004","0.573","1.263","0.049","","","","","0.621",""
"India"," 2003","0.564","1.248","0.043","0.505","","","","1.621",""
"India"," 2002","0.557","","0.043","","","","","",""
"India"," 2001","0.538","1.185","0.044","","","","","",""
"India"," 2000","0.527","1.169","0.037","","","","","",""
"India"," 1991","1.225","0.377","0.022","0.237","0.018","0.047","","1.495",""
"Indonesia"," 2012","0.201","1.365","0.097","0.103","","0.178","","0.218","0.506"
"Indonesia"," 2010","0.14","1.062","0.076","0.075","","0.088","","0.157","0.475"
"Indonesia"," 2009","0.145","0.815","0.053","0.045","0.008","0.044","","0.045","0.252"
"Indonesia"," 2003","0.134","0.817","0.032","0.034","0.04","0.029","","0.095","1.035"
"Indonesia"," 1993","0.058","","","","","","","",""
"Indonesia"," 1992","","0.626","","0.024","0.026","0.03","","0.215","0.082"
"Iran (Islamic Republic of)"," 2014","1.491","1.551","0.356","0.227","","","","",""
"Iran (Islamic Republic of)"," 2005","0.882","1.398","0.188","0.198","","","","",""
"Iran (Islamic Republic of)"," 2004","0.877","1.389","0.189","0.204","0.289","0.144","0.364","1.215","2.16"
"Iraq"," 2014","0.854","1.81","0.224","0.244","","","","",""
"Iraq"," 2010","0.639","","0.155","0.184","","","","",""
"Ireland"," 2015","2.789","","0.603","1.107","","","","5.684",""
"Ireland"," 2014","2.777","","0.59","1.163","","","","5.533",""
"Ireland"," 2013","2.647","","0.567","1.123","","","","5.441",""
"Ireland"," 2012","2.667","","0.57","1.072","","","","5.631",""
"Ireland"," 2011","2.625","12.398","0.573","1.03","","","","5.742",""
"Ireland"," 2010","","","0.589","0.989","","","","6.044",""
"Israel"," 2014","3.619","5.264","0.794","0.731","","","","13.804",""
"Israel"," 2013","3.539","","0.691","0.75","","","","13.853",""
"Israel"," 2012","3.344","","0.698","0.775","","","","12.238",""
"Israel"," 2011","3.345","","0.776","0.767","","","","12.058",""
"Israel"," 2010","3.414","","0.858","0.773","","","","11.644",""
"Israel"," 1995","4.857","8.138","1.967","0.819","","","","1.76",""
"Italy"," 2014","3.945","6.475","0.654","1.083","","","","1.014",""
"Italy"," 2013","3.93","","0.679","0.983","","","","0.946",""
"Italy"," 2012","3.861","","0.661","0.966","","","","0.954",""
"Italy"," 2011","","","0.59","0.965","","","","0.846",""
"Italy"," 2010","","","0.571","0.87","","","","",""
"Jamaica"," 2008","0.406","1.078","0.09","0.063","0.021","0.167","0.268","0.421",""
"Jamaica"," 2003","0.85","1.651","0.08","","","","","",""
"Japan"," 2012","2.297","10.797","0.784","1.618","","","","",""
"Japan"," 2011","","11.753","","","","","","",""
"Japan"," 2010","2.227","10.372","0.776","1.552","","","","",""
"Japan"," 2008","2.252","10.395","0.781","2.103","","","","2.487",""
"Japan"," 2006","2.186","9.911","0.765","1.986","","","","2.368",""
"Japan"," 2004","2.133","9.55","0.751","1.904","","","","2.248",""
"Japan"," 2002","2.081","9.188","0.736","1.82","","","","2.187",""
"Japan"," 2000","2.035","8.78","0.723","1.73","","","","2.142",""
"Japan"," 1998","1.985","8.338","0.703","1.644","","","","2.081",""
"Japan"," 1996","1.93","7.886","0.685","1.557","","","","2.114",""
"Japan"," 1994","1.858","7.365","0.653","1.425","","","","2.041",""
"Japan"," 1992","1.784","6.863","0.628","1.315","","","","1.988",""
"Japan"," 1990","1.733","6.491","0.606","1.232","","","","1.921",""
"Jordan"," 2014","2.65","2.857","0.928","1.649","","","","",""
"Jordan"," 2012","","","","1.979","","","","",""
"Jordan"," 2010","2.487","3.937","0.873","1.404","","","","",""
"Jordan"," 2009","2.342","3.849","0.699","1.342","","","","",""
"Jordan"," 2008","2.425","3.226","0.848","1.284","","","","",""
"Jordan"," 2007","2.653","3.277","0.849","1.404","","","","",""
"Jordan"," 2006","2.482","3.583","0.831","1.216","","","","",""
"Jordan"," 2005","2.421","3.268","0.786","1.331","","","","",""
"Jordan"," 2004","2.204","3.518","1.406","","1.089","0.273","0.193","1.27","4.93"
"Jordan"," 2003","2.454","3.21","0.689","1.256","","","","",""
"Jordan"," 2002","2.372","3.038","0.482","1.208","","","","",""
"Jordan"," 2001","2.191","3.281","0.592","1.028","","","","",""
"Jordan"," 2000","2.008","3.265","0.605","0.908","","","","",""
"Jordan"," 1999","2.065","3.129","0.578","0.816","","","","",""
"Jordan"," 1998","1.058","3.006","0.541","0.779","","","","",""
"Kazakhstan"," 2014","3.274","","0.37","0.815","","","","0.037",""
"Kazakhstan"," 2013","3.501","7.991","0.375","0.809","","","","0.041",""
"Kazakhstan"," 2012","3.489","","0.411","0.805","","","","0.035",""
"Kazakhstan"," 2011","3.548","","0.395","0.798","","","","0.036",""
"Kazakhstan"," 2010","3.506","","0.408","0.691","","","","0.035",""
"Kenya"," 2013","0.199","0.868","0.024","0.05","","","","",""
"Kenya"," 2012","0.19","0.826","0.023","0.049","","","","",""
"Kenya"," 2011","0.182","0.795","0.022","","","","","",""
"Kenya"," 2010","0.177","0.736","0.022","0.077","","","","",""
"Kenya"," 2009","0.176","0.406","0.026","0.074","","","","",""
"Kenya"," 2008","0.173","0.368","0.025","0.075","","","","",""
"Kenya"," 2004","","0.469","","0.09","0.203","0.189","","0.093","0.052"
"Kenya"," 2002","0.138","","0.041","","","","","0.141",""
"Kiribati"," 2013","0.203","4.616","0.249","0.138","0.184","0.064","","1.474","0.746"
"Kiribati"," 2011","","3.936","0.029","0.038","","","","",""
"Kiribati"," 2008","0.254","3.667","0.183","0.223","0.274","0.132","","0.549","0.325"
"Kiribati"," 2006","","","","0.011","","","","",""
"Kiribati"," 2004","","2.872","0.033","0.022","","","","",""
"Kiribati"," 1998","","2.342","0.049","0.049","","","","",""
"Kuwait"," 2014","1.949","4.729","0.596","0.483","","","","",""
"Kuwait"," 2009","1.853","4.704","0.366","0.308","","","","2.613","4.273"
"Kuwait"," 2008","1.846","4.591","0.355","0.297","","","","2.78","4.497"
"Kuwait"," 2007","1.856","4.267","0.335","0.292","","","","2.817","4.763"
"Kuwait"," 2006","1.445","4.126","0.311","0.3","","","","2.762","4.906"
"Kuwait"," 2001","","4.622","0.338","0.363","","","","",""
"Kyrgyzstan"," 2014","1.854","","0.165","0.041","","","","0.192",""
"Kyrgyzstan"," 2013","1.886","5.959","0.171","0.055","","","","0.177",""
"Kyrgyzstan"," 2012","1.894","","0.172","0.05","","","","0.153",""
"Kyrgyzstan"," 2011","1.911","","0.172","0.032","","","","0.215",""
"Kyrgyzstan"," 2010","1.881","","0.187","0.031","","","","0.201",""
"Kyrgyzstan"," 2009","2.441","5.448","","","","","","",""
"Kyrgyzstan"," 2008","2.464","5.475","","","","","","",""
"Lao People's Democratic Republic"," 2012","0.179","0.862","0.035","0.114","0.071","0.13","","0.364","0.661"
"Lao People's Democratic Republic"," 2009","0.197","0.865","0.053","","","","","0.235",""
"Lao People's Democratic Republic"," 2005","0.281","0.996","","","","","","0.269",""
"Lao People's Democratic Republic"," 2004","0.353","0.99","","","","","","0.672",""
"Lao People's Democratic Republic"," 2000","0.284","1.021","","","","","","0.319",""
"Lao People's Democratic Republic"," 1995","0.341","1.254","","","","","","0.576",""
"Latvia"," 2015","","","","0.799","","","","",""
"Latvia"," 2014","3.223","5.032","0.704","0.778","","","","1.368",""
"Latvia"," 2013","3.193","","0.725","0.801","","","","1.318",""
"Latvia"," 2012","3.14","","0.709","0.688","","","","1.239",""
"Latvia"," 2011","3.128","","0.706","0.658","","","","1.169",""
"Latvia"," 2010","3.117","","0.712","0.685","","","","1.117",""
"Latvia"," 2009","3.761","4.407","0.689","","0.197","","","0.725",""
"Latvia"," 2008","3.935","4.847","0.687","","0.21","","","0.768",""
"Latvia"," 2007","3.691","4.639","0.715","","0.215","","","0.782",""
"Latvia"," 2006","3.793","4.585","0.71","","0.21","","","0.784",""
"Latvia"," 2005","3.684","4.646","0.651","","0.217","","","0.794",""
"Latvia"," 2004","3.583","4.58","0.616","","0.219","","","0.718",""
"Latvia"," 2003","3.447","4.461","0.563","","0.215","","","0.751",""
"Latvia"," 2002","3.419","4.338","0.547","","0.217","","","0.745",""
"Latvia"," 2001","3.302","4.341","0.531","","0.21","","","0.713",""
"Latvia"," 2000","3.43","4.413","0.539","","0.199","","","0.732",""
"Latvia"," 1999","3.358","4.41","0.486","","0.195","","","0.782",""
"Latvia"," 1998","3.298","4.635","0.441","","0.187","","","0.745",""
"Latvia"," 1997","3.448","4.857","0.456","","0.192","","","0.779",""
"Latvia"," 1996","3.509","5.05","0.482","","0.189","","","0.904",""
"Latvia"," 1995","3.376","5.196","0.374","","0.184","","","0.816",""
"Latvia"," 1994","3.438","5.32","0.372","","0.188","","","1.03",""
"Latvia"," 1993","3.64","6.073","0.396","","0.197","","","1.171",""
"Latvia"," 1992","4.098","6.37","0.45","","0.207","","","1.3",""
"Latvia"," 1991","4.614","6.824","0.51","","0.228","","","1.567",""
"Latvia"," 1990","4.694","6.993","0.517","","0.234","","","1.605",""
"Lebanon"," 2014","2.38","2.562","1.003","1.356","","","","",""
"Lebanon"," 2011","2.968","2.523","1.364","1.456","","","","",""
"Lebanon"," 2010","2.671","2.027","1.244","1.27","","","","",""
"Lebanon"," 2009","","1.982","1.187","1.089","","","","",""
"Lebanon"," 2007","2.738","1.697","1.028","1.142","","","","",""
"Lebanon"," 2006","2.899","","1","","","","","",""
"Lebanon"," 2005","","1.184","","1.03","0.285","","","0.277",""
"Lebanon"," 2004","","","","0.777","","","","",""
"Lebanon"," 2001","3.424","1.237","1.275","1","","","","",""
"Lesotho"," 2003","0.047","0.591","0.008","0.033","0.077","0.029","","0.018","0.003"
"Liberia"," 2008","0.014","0.266","0.001","0.073","0.031","0.011","","0.053","0.014"
"Liberia"," 2004","0.032","0.325","0.004","0.011","0.068","0.047","0.045","0.17","0.163"
"Libya"," 2014","2.092","6.905","0.732","0.628","","","","",""
"Libya"," 2009","1.934","6.923","0.611","0.366","","","","",""
"Libya"," 2008","1.823","5.47","0.334","0.365","","","","",""
"Libya"," 2004","1.24","4.762","0.149","0.198","","","","",""
"Libya"," 1997","1.259","3.512","0.137","0.242","","","","",""
"Lithuania"," 2014","4.33","7.951","0.915","","","","","3.454",""
"Lithuania"," 2013","4.268","","0.904","","","","","3.324",""
"Lithuania"," 2012","4.178","","0.89","","","","","3.193",""
"Lithuania"," 2011","4.041","","0.81","","","","","3.038",""
"Lithuania"," 2010","3.915","","0.786","","","","","2.947",""
"Lithuania"," 2003","","","","0.666","","","","",""
"Lithuania"," 1999","4.147","","0.656","","","","","",""
"Lithuania"," 1998","4.125","","0.637","","","","","",""
"Lithuania"," 1997","4.129","","0.602","","","","","",""
"Lithuania"," 1996","4.098","","0.474","","","","","",""
"Lithuania"," 1995","4.062","","0.48","","","","","",""
"Luxembourg"," 2015","2.92","12.326","0.892","0.698","","","","7.984",""
"Luxembourg"," 2014","2.855","","0.855","0.686","","","","7.834",""
"Luxembourg"," 2013","2.799","","0.866","0.701","","","","7.624",""
"Luxembourg"," 2012","2.776","","0.828","0.714","","","","7.553",""
"Luxembourg"," 2011","2.748","","0.838","0.719","","","","7.01",""
"Luxembourg"," 2010","2.764","","0.831","0.736","","","","6.824",""
"Madagascar"," 2012","0.143","0.218","0.008","0","","0.034","","","0.239"
"Madagascar"," 2011","0.144","0.219","0.008","0","","0.037","","","0.244"
"Madagascar"," 2010","0.196","0.224","0.009","0","","0.042","","0.002","0.268"
"Madagascar"," 2009","0.182","0.244","0.009","0","","0.032","","0.002","0.282"
"Madagascar"," 2008","0.187","0.282","0.01","0","","0.053","","0.002","0.295"
"Madagascar"," 2007","0.182","0.295","0.01","0","","0.066","","0.002","0.291"
"Madagascar"," 2006","0.171","0.303","0.01","0","","0.07","","0.001","0.288"
"Madagascar"," 2005","0.181","0.351","0.011","0","","0.072","","0.001","0.285"
"Madagascar"," 2004","0.157","0.286","0.009","0","","0.059","","0.001","0.321"
"Madagascar"," 2003","0.148","0.304","0.009","0","","0.075","","0.001","0.345"
"Madagascar"," 2002","0.136","0.313","0.007","0","","0.078","","0.001","0.355"
"Malawi"," 2009","0.018","0.336","0.013","0.015","0.036","0.03","","0.135",""
"Malawi"," 2008","0.018","0.28","0.015","0.021","0.034","0.023","0.723","0.144","0.245"
"Malawi"," 2004","0.021","0.585","","","0.004","0.002","","0.057",""
"Malaysia"," 2011","1.281","3.397","0.149","0.434","","","","",""
"Malaysia"," 2010","1.173","3.208","0.355","0.394","0.25","0.114","0.435","0.552",""
"Malaysia"," 2008","0.923","2.678","0.134","","","","","",""
"Malaysia"," 2007","","","","0.171","","","","0.297",""
"Malaysia"," 2002","0.697","1.778","0.089","0.118","","","","",""
"Malaysia"," 2000","0.689","1.658","0.092","0.1","","","","",""
"Maldives"," 2010","1.579","5.617","0.096","0.743","0.986","","2.421","0.066",""
"Maldives"," 2009","1.61","5.65","0.138","0.631","0.964","","1.934","0.064",""
"Maldives"," 2007","1.75","4.878","","0.903","0.944","","2.488","0.048",""
"Maldives"," 2004","1.007","2.954","0.047","0.804","0.56","","3.064","0.047",""
"Maldives"," 1996","0.666","1.39","","0.782","0.185","0.185","3.081","0.323",""
"Maldives"," 1993","0.285","0.776","","0.57","0.087","0.14","3.897","0.178",""
"Maldives"," 1991","0.192","0.653","","0.47","0.074","0.113","4.04","0.17",""
"Mali"," 2010","0.085","0.443","0.007","0.009","0.032","0.031","0.007","0.311","0.264"
"Mali"," 2009","0.076","0.44","0.008","0.008","0.028","0.017","0.008","0.293","0.249"
"Mali"," 2007","0.077","0.209","","0.016","","0.019","0.08","0.113","0.209"
"Mali"," 2004","0.084","0.668","0.007","0.028","0.021","0.019","","0.03","0.052"
"Malta"," 2015","3.908","8.668","0.492","1.333","","","","8.348",""
"Malta"," 2014","3.749","","0.481","1.18","","","","8.214",""
"Malta"," 2013","3.518","","0.473","1.125","","","","7.813",""
"Malta"," 2012","3.323","","0.457","1.092","","","","0.866",""
"Malta"," 2011","3.185","","0.449","0.809","","","","0.821",""
"Malta"," 2010","3.104","","0.447","0.73","","","","0.786",""
"Marshall Islands"," 2012","0.456","3.551","0.494","0.133","0.361","","","1.538","3.19"
"Marshall Islands"," 2007","0.595","3.606","0.249","0.115","0.326","","","0.633",""
"Mauritania"," 2009","0.127","0.658","0.027","0.035","0.036","0.056","0.278","0.06","0.189"
"Mauritania"," 2004","0.102","0.618","0.021","0.026","0.035","","0.14","0.016","0.345"
"Mauritius"," 2004","1.072","3.787","0.192","1.175","0.266","0.196","0.194","0.119","1.667"
"Mexico"," 2013","2.071","2.509","0.117","","","","","",""
"Mexico"," 2012","2.029","2.449","0.112","","","","","",""
"Mexico"," 2011","2.019","2.412","0.112","","","","","",""
"Mexico"," 2010","1.922","2.32","0.111","","","","","",""
"Mexico"," 2000","1.905","0.863","0.761","","0.442","","","2.304","4.011"
"Micronesia (Federated States of)"," 2009","0.192","3.607","","","","","","",""
"Micronesia (Federated States of)"," 2008","0.613","2.68","0.383","0.153","0.469","4.145","0.297","0.967","0.412"
"Micronesia (Federated States of)"," 2005","0.584","2.345","0.122","0.151","","","","",""
"Micronesia (Federated States of)"," 2003","0.562","2.34","0.094","0.187","","","","",""
"Micronesia (Federated States of)"," 2000","0.596","3.882","0.13","","","","","",""
"Monaco"," 2014","6.645","19.988","1.01","2.605","","","","15.841",""
"Monaco"," 2013","6.662","","1.013","","","","","15.775",""
"Monaco"," 2012","6.791","","0.989","2.567","","","","13.314",""
"Monaco"," 2011","6.723","","1.022","2.501","","","","13.822",""
"Mongolia"," 2011","2.879","3.676","0.236","0.465","","","","",""
"Mongolia"," 2010","2.764","3.641","0.196","0.434","","","0.161","0.46",""
"Mongolia"," 2009","2.675","3.628","0.198","0.408","","","0.123","0.457",""
"Mongolia"," 2008","2.884","3.653","0.195","0.414","","","0.023","0.448",""
"Mongolia"," 2002","2.755","3.612","0.138","0.447","","0.035","","2.925",""
"Montenegro"," 2015","2.343","5.347","0.04","0.174","","","","",""
"Montenegro"," 2014","2.188","","0.04","0.17","","","","",""
"Montenegro"," 2013","2.142","","0.04","0.168","","","","",""
"Montenegro"," 2012","2.031","","0.04","0.149","","","","",""
"Montenegro"," 2011","2.008","","0.039","0.148","","","","",""
"Montenegro"," 2010","2.039","","0.042","0.146","","","","",""
"Morocco"," 2014","0.618","0.872","0.137","","","","","",""
"Morocco"," 2009","0.652","0.936","0.084","0.284","","","","",""
"Morocco"," 2007","0.589","","","","","","","",""
"Morocco"," 2004","0.531","0.808","0.103","0.245","0.049","0.024","","0.037","0.316"
"Mozambique"," 2013","0.055","0.401","0.016","0.056","0.055","","0.045","0.774","0.182"
"Mozambique"," 2012","0.053","0.392","0.016","0.057","0.055","","0.047","0.771","0.151"
"Mozambique"," 2011","0.051","0.38","0.015","0.052","0.053","","","0.742","0.138"
"Mozambique"," 2010","0.047","0.391","0.018","0.05","0.05","","","0.756","0.118"
"Mozambique"," 2009","0.044","0.382","0.012","0.05","0.048","","","0.752","0.112"
"Mozambique"," 2006","0.025","0.286","","0.038","0.037","","","0.116","0.015"
"Mozambique"," 2004","0.025","0.301","0.008","0.03","0.046","0.027","","0.081","0.462"
"Myanmar"," 2012","0.568","0.93","0.064","","","0.048","0.195","",""
"Myanmar"," 2011","0.539","0.901","0.059","","","0.045","0.194","0.036",""
"Myanmar"," 2010","0.511","0.874","0.055","","","0.051","0.193","0.037",""
"Myanmar"," 2009","0.478","0.843","0.05","","","0.042","0.193","0.036",""
"Myanmar"," 2008","0.465","0.812","0.05","","","0.039","0.082","0.036",""
"Myanmar"," 2007","0.43","0.791","0.04","","","0.039","0.082","0.035",""
"Myanmar"," 2006","0.407","0.77","0.038","","","0.038","0.08","0.035",""
"Myanmar"," 2005","0.372","0.731","0.035","","","0.038","0.077","0.035",""
"Myanmar"," 2004","0.359","","0.028","0.003","0.045","0.035","0.999","0.042","1.002"
"Namibia"," 2007","0.372","2.76","0.043","0.18","0.082","0.095","","0.162",""
"Namibia"," 2004","0.299","3.068","0.056","0.144","0.24","0.12","","0.298","3.886"
"Nauru"," 2010","0.998","","","","","","","",""
"Nauru"," 2009","0.997","","0.299","0.698","0.698","0.997","0.299","1.596","1.496"
"Nauru"," 2008","0.995","6.868","0.1","","","","1.393","1.891",""
"Nauru"," 2004","0.989","6.23","0.099","0.989","","","","",""
"Nauru"," 1995","1.605","6.018","","","","","","",""
"Nepal"," 2012","","","","0.153","","","","",""
"Nepal"," 2004","0.214","0.469","0.014","0.014","0.127","0.007","0.643","0.075",""
"Netherlands"," 2014","3.352","","0.519","","","","","16.093",""
"Netherlands"," 2013","3.313","","0.524","0.212","","","","17.597",""
"Netherlands"," 2012","3.255","","0.525","0.206","","","","19.179",""
"Netherlands"," 2011","3.133","","0.511","0.208","","","","20.569",""
"Netherlands"," 2010","2.961","","0.502","0.199","","","","20.212",""
"Netherlands"," 2008","","8.517","","","","","","",""
"New Zealand"," 2014","2.852","10.718","","","","","","",""
"New Zealand"," 2013","2.818","10.644","","","","","","0.977",""
"New Zealand"," 2012","2.698","10.593","","","","","","0.964",""
"New Zealand"," 2011","2.641","10.651","","1.008","","","","0.954",""
"New Zealand"," 2010","2.612","10.579","","","","","","0.96",""
"New Zealand"," 2007","2.302","10.498","0.443","0.682","","","","",""
"New Zealand"," 2002","2.067","","0.409","","","","","",""
"New Zealand"," 2001","2.311","8.51","0.662","0.895","0.946","","","12.286",""
"New Zealand"," 2000","","7.993","","","","","","",""
"Nicaragua"," 2014","0.914","1.384","0.043","","0.227","0.043","","2.601",""
"Nicaragua"," 2013","0.916","1.386","0.044","","0.197","0.044","","2.648",""
"Nicaragua"," 2012","0.876","1.394","0.045","","0.198","0.044","","2.64",""
"Nicaragua"," 2011","0.827","1.388","0.045","","0.193","0.043","","2.621",""
"Nicaragua"," 2010","0.739","1.284","0.045","","0.166","0.043","","2.35",""
"Nicaragua"," 2009","0.713","1.321","0.047","","0.184","0.043","","2.382",""
"Nicaragua"," 2008","0.657","1.308","0.048","","0.172","0.045","","2.476",""
"Nicaragua"," 2007","0.533","1.197","0.044","","0.158","0.04","","2.19",""
"Nicaragua"," 2006","0.498","1.171","0.045","","0.156","0.041","","2.14",""
"Nicaragua"," 2005","0.505","1.17","0.046","","0.158","0.042","","2.118",""
"Nicaragua"," 2003","0.39","1.119","0.046","","","","","",""
"Niger"," 2008","0.019","0.14","0.001","0.001","0.019","0.009","","0.002","0.007"
"Niger"," 2004","0.023","0.217","0.001","0.002","0.023","0.021","","0.037","0.019"
"Nigeria"," 2011","","","","0.104","","","","",""
"Nigeria"," 2009","0.376","","0.016","","","","","0.047",""
"Nigeria"," 2008","0.374","1.489","0.025","0.124","0.156","0.028","0.128","0.01",""
"Nigeria"," 2007","0.376","1.491","0.028","0.127","0.17","0.029","0.131","0.02","0.011"
"Nigeria"," 2006","0.346","1.495","0.016","0.087","","","","0","0.007"
"Nigeria"," 2005","0.281","1.529","0.015","0.086","","0.025","","0.149","0.006"
"Nigeria"," 2004","","","","0.047","","","0.851","0.009",""
"Nigeria"," 2003","0.263","1.586","0.019","","","","","",""
"Niue"," 2008","1.836","9.793","2.448","0.612","1.224","3.06","","4.284","1.836"
"Niue"," 2006","2.408","9.028","1.806","0.602","","","","",""
"Niue"," 2004","2.329","12.811","1.165","0.582","","","","",""
"Niue"," 1996","1.414","6.128","0.943","0.471","","","","",""
"Norway"," 2014","4.42","17.406","0.864","0.721","","","","18.806",""
"Norway"," 2013","4.303","","0.872","0.69","","","","18.84",""
"Norway"," 2012","4.232","","0.865","0.671","","","","18.889",""
"Norway"," 2011","4.187","","0.884","0.645","","","","18.964",""
"Norway"," 2010","4.112","","0.878","0.638","","","","18.94",""
"Norway"," 2009","4.053","31.123","0.868","","","","","1.788",""
"Oman"," 2014","1.541","3.345","0.185","0.348","","","","",""
"Oman"," 2012","1.99","4.408","0.227","1.539","0.813","0.062","","1.873","1.711"
"Oman"," 2011","1.971","4.436","0.226","0.95","0.839","","","0.093",""
"Oman"," 2010","1.991","4.37","0.222","0.946","0.837","","","0.095",""
"Oman"," 2009","2.014","4.381","0.226","0.901","0.806","","","0.095",""
"Oman"," 2008","1.958","4.235","0.21","0.838","0.772","0.078","","3.469",""
"Oman"," 2007","1.892","4.007","0.202","","0.742","0.076","","2.104","1.644"
"Oman"," 2006","1.793","3.766","0.194","0.718","0.708","","","0.078",""
"Oman"," 2005","1.668","3.701","0.179","","0.658","0.067","","1.925","1.594"
"Oman"," 2004","1.581","4.203","0.222","0.634","0.428","0.071","","0.513","1.592"
"Oman"," 2000","1.455","3.496","0.117","","0.556","0.094","","1.566","1.591"
"Oman"," 1999","0.977","2.893","0.048","0.235","0.417","0.09","","2.488",""
"Oman"," 1998","0.943","2.861","0.042","0.22","0.399","0.091","","2.376",""
"Oman"," 1997","0.862","2.6","0.038","0.203","0.372","0.102","","2.456",""
"Oman"," 1995","1.13","2.754","0.065","0.167","0.412","0.087","","1.633","2.026"
"Oman"," 1990","0.795","2.288","0.046","0.239","0.314","","","0.028",""
"Pakistan"," 2014","0.806","0.604","0.101","0.141","","","","",""
"Pakistan"," 2010","0.852","0.59","0.062","","","","0.068","",""
"Pakistan"," 2009","0.838","0.574","0.059","","","","0.064","",""
"Pakistan"," 2008","0.821","0.557","0.055","","","","0.061","",""
"Pakistan"," 2007","0.8","","","","","","","",""
"Pakistan"," 2005","0.824","","","","","","","",""
"Pakistan"," 2004","0.774","0.478","0.052","0.054","0.065","0.001","","0.127","1.353"
"Pakistan"," 2001","0.681","0.444","0.033","","","","0.04","",""
"Pakistan"," 2000","0.664","0.434","0.03","","","","0.039","",""
"Pakistan"," 1999","0.644","0.432","0.027","","","","0.039","",""
"Pakistan"," 1998","0.626","0.417","0.026","","","","0.038","",""
"Pakistan"," 1997","0.609","0.392","0.025","","","","0.036","",""
"Pakistan"," 1996","0.591","0.369","0.023","","","","0.035","",""
"Pakistan"," 1995","0.568","0.347","0.022","","","","0.034","",""
"Pakistan"," 1994","0.554","0.344","0.022","","","","0.034","",""
"Pakistan"," 1993","0.54","0.334","0.021","","","","0.034","",""
"Pakistan"," 1992","0.528","0.326","0.02","","","","0.033","",""
"Palau"," 2010","1.417","5.862","","","","","","",""
"Palau"," 2009","1.425","5.505","","","","","","",""
"Palau"," 2007","","","0.249","0.05","","","","",""
"Palau"," 2006","1.299","5.897","","","","","","",""
"Palau"," 2004","","6.059","","","","","","",""
"Palau"," 1998","1.404","6.1","1.296","0.756","0.702","0.432","","0.378","5.83"
"Panama"," 2013","1.594","","0.272","","","","","",""
"Panama"," 2012","1.609","","0.329","","","","","",""
"Panama"," 2011","1.508","2.33","0.303","","","","","",""
"Panama"," 2010","1.414","2.492","0.301","","","","","",""
"Panama"," 2009","1.317","","0.29","","","","","",""
"Panama"," 2008","1.388","","0.283","","","","","",""
"Panama"," 2007","1.309","","0.275","","","","","",""
"Panama"," 2006","1.354","2.011","0.282","","","","","",""
"Panama"," 2005","1.352","2.011","0.283","","","","","",""
"Panama"," 2004","1.325","1.996","0.283","","","","","",""
"Panama"," 2003","1.343","2.203","0.271","","","","","",""
"Panama"," 2002","1.337","1.919","0.285","","","","","",""
"Panama"," 2001","1.245","1.843","0.248","","","","","",""
"Panama"," 1999","1.233","1.143","0.268","","","","","",""
"Panama"," 1998","1.194","1.094","0.271","","","","","",""
"Panama"," 1997","1.204","1.105","0.261","","","","","",""
"Panama"," 1996","1.206","1.078","0.263","","","","","",""
"Panama"," 1995","1.167","1.045","0.247","","","","","",""
"Panama"," 1994","1.126","1.026","0.233","","","","","",""
"Panama"," 1993","1.178","1.007","0.218","","","","","",""
"Panama"," 1992","1.144","0.964","0.222","","","","","",""
"Panama"," 1991","1.122","0.974","0.21","","","","","",""
"Panama"," 1990","1.113","0.996","0.205","","","","","",""
"Papua New Guinea"," 2012","","","","0.049","","","","",""
"Papua New Guinea"," 2010","0.055","0.532","","","","","","0.713",""
"Papua New Guinea"," 2009","","","0.018","","","","","",""
"Papua New Guinea"," 2008","0.051","0.435","","","","","0.594","0.346","0.278"
"Papua New Guinea"," 2000","0.051","0.529","0.017","","","","","",""
"Paraguay"," 2012","1.286","1.049","0.165","","0.219","","","1.954","0.437"
"Paraguay"," 2002","1.154","1.863","0.578","0.339","","0.024","","1.603",""
"Peru"," 2012","1.116","1.493","0.148","0.051","0.05","0.001","","0.711","3.447"
"Peru"," 2009","0.94","1.299","0.123","0.063","0.039","0.001","","0.765","2.962"
"Peru"," 1999","1.166","0.669","0.11","","","","","",""
"Philippines"," 2011","","","","0.889","","","","",""
"Philippines"," 2004","1.11","5.774","0.543","0.587","","","","",""
"Philippines"," 2002","1.112","5.916","0.532","0.57","","","","",""
"Philippines"," 2000","0.568","2.073","0.11","0.032","","","","1.165",""
"Poland"," 2014","2.271","5.737","0.339","0.718","","","","0.637",""
"Poland"," 2013","2.207","","0.319","0.711","","","","0.599",""
"Poland"," 2012","2.202","","0.324","0.695","","","","0.587",""
"Poland"," 2011","2.182","","0.338","0.681","","","","0.569",""
"Poland"," 2010","2.157","","0.325","0.653","","","","0.557",""
"Portugal"," 2014","4.426","6.377","0.877","0.832","","","","2.823",""
"Portugal"," 2013","4.26","","0.848","0.771","","","","2.879",""
"Portugal"," 2012","4.101","","0.805","0.736","","","","2.692",""
"Portugal"," 2011","3.983","","0.768","0.751","","","","0.131",""
"Portugal"," 2010","3.842","","0.766","0.725","","","","3.109",""
"Portugal"," 2009","3.786","5.628","0.624","1.071","","","","",""
"Portugal"," 2008","3.681","5.361","0.57","1.014","","","","",""
"Portugal"," 2007","3.593","5.126","0.534","0.959","","","","",""
"Portugal"," 2006","3.511","4.845","0.539","0.96","","","","",""
"Portugal"," 2005","3.448","4.595","0.482","0.906","","","","",""
"Portugal"," 2004","3.372","4.384","0.451","0.869","","","","",""
"Portugal"," 2003","3.311","4.215","0.423","0.83","","","","",""
"Portugal"," 2002","3.257","4.034","0.399","0.768","","","","",""
"Qatar"," 2014","1.964","5.7","0.572","0.931","","","","",""
"Qatar"," 2010","3.919","6.012","","","","","","",""
"Qatar"," 2009","3.222","4.773","","","","","","",""
"Qatar"," 2008","3.319","6.068","","","","","","",""
"Qatar"," 2006","2.34","6.257","0.492","1.068","0.717","","","0.112",""
"Qatar"," 2005","2.569","5.831","0.824","1.314","","","","",""
"Republic of Korea"," 2014","2.231","5.67","0.458","0.652","","","","0.586",""
"Republic of Korea"," 2013","2.185","5.278","0.451","0.653","","","","0.544",""
"Republic of Korea"," 2012","2.099","4.906","0.441","0.656","","","","0.514",""
"Republic of Korea"," 2011","2.054","4.787","0.434","0.682","","","","0.487",""
"Republic of Korea"," 2010","2.002","4.682","0.426","0.655","","","","0.465",""
"Republic of Korea"," 2009","2.017","5.474","0.505","1.224","","","","7.296",""
"Republic of Korea"," 2008","1.96","5.265","0.493","1.203","","","","6.976",""
"Republic of Korea"," 2007","1.898","5.067","0.48","1.186","","","","6.636",""
"Republic of Korea"," 2006","1.842","4.851","0.465","1.166","","","","6.331",""
"Republic of Korea"," 2005","1.793","4.67","0.453","1.152","","","","6.034",""
"Republic of Korea"," 2004","1.733","4.451","1.393","1.13","1.182","","","3.627",""
"Republic of Moldova"," 2014","2.537","5.312","0.43","","","","","2.85",""
"Republic of Moldova"," 2013","2.561","","0.43","0.467","","","","2.895",""
"Republic of Moldova"," 2012","2.469","","0.41","","","","","2.972",""
"Republic of Moldova"," 2011","2.467","","0.41","0.46","","","","2.97",""
"Republic of Moldova"," 2010","2.439","","0.402","0.436","","","","3.148",""
"Romania"," 2013","2.669","6.24","0.72","0.82","","","","3.055",""
"Romania"," 2012","2.625","","0.691","0.77","","","","3.016",""
"Romania"," 2011","2.543","","0.663","0.72","","","","3.02",""
"Romania"," 2010","2.502","","0.638","0.667","","","","3.124",""
"Romania"," 2002","1.972","","0.604","0.692","","0.064","","8.604",""
"Russian Federation"," 2014","3.306","4.572","0.287","0.05","","","","0.251",""
"Russian Federation"," 2013","2.382","","0.291","0.053","","","","0.038",""
"Russian Federation"," 2012","2.386","","0.295","0.053","","","","0.038",""
"Russian Federation"," 2011","2.409","","0.293","0.057","","","","0.039",""
"Russian Federation"," 2010","2.398","","0.29","0.058","","","","0.039",""
"Russian Federation"," 2000","","","","","","0.495","","7.554",""
"Rwanda"," 2010","0.055","0.678","0.012","0.005","0.078","0.012","","0.27","0.101"
"Rwanda"," 2009","0.055","0.662","0.015","0.005","0.083","0.013","","0.289","0.103"
"Rwanda"," 2008","0.052","0.672","0.013","0.004","0.074","0.01","","0.27","0.095"
"Rwanda"," 2004","0.049","0.413","0.002","0.031","0.004","0.011","1.359","0.119","0.098"
"Saint Kitts and Nevis"," 2001","1.06","6.362","0.325","","","","1.039","",""
"Saint Kitts and Nevis"," 1999","1.024","5.875","0.312","","","","0.712","",""
"Saint Kitts and Nevis"," 1998","1.036","5.609","0.27","","","","0.721","",""
"Saint Kitts and Nevis"," 1997","1.094","5.537","0.228","","","","0.387","",""
"Saint Kitts and Nevis"," 1996","1.106","5.854","0.254","","","","0.392","",""
"Saint Kitts and Nevis"," 1995","1.073","5.643","0.256","","","","0.396","",""
"Saint Kitts and Nevis"," 1994","0.921","5.949","0.236","","","","0.401","",""
"Saint Kitts and Nevis"," 1993","0.765","6.836","0.215","","","","0.406","",""
"Saint Kitts and Nevis"," 1992","0.75","6.915","0.218","","","","0.411","",""
"Saint Kitts and Nevis"," 1991","0.683","6.925","0.171","","","","0.415","",""
"Saint Kitts and Nevis"," 1990","0.686","6.931","0.294","","","","0.416","",""
"Saint Lucia"," 2010","","","0.158","","","","","",""
"Saint Lucia"," 2009","0.103","","0.029","","","","","",""
"Saint Lucia"," 2008","0.156","","0.012","","","","","",""
"Saint Lucia"," 2007","0.182","","0.018","","","","","",""
"Saint Lucia"," 2005","0.502","1.971","","","","","","",""
"Saint Lucia"," 2004","0.416","2.294","0.043","","","","","",""
"Saint Lucia"," 2003","0.464","3.06","0.043","","","","","",""
"Saint Lucia"," 2002","0.437","","0.044","","","","","",""
"Saint Lucia"," 2001","0.819","2.338","0.17","0.145","","1.04","","4.847",""
"Saint Lucia"," 1999","","2.134","0.058","","","","","",""
"Saint Vincent and the Grenadines"," 2001","0.574","4.408","0.194","0.213","","0.62","","2.537",""
"Saint Vincent and the Grenadines"," 2000","0.825","4.143","0.046","","","","0.417","",""
"Saint Vincent and the Grenadines"," 1997","0.935","2.556","0.056","","","","","",""
"Samoa"," 2008","0.463","1.897","0.343","0.322","0.354","0.147","","0.305","2.377"
"Samoa"," 2005","0.278","","","0.017","","","","",""
"Samoa"," 2003","0.281","1.745","0.056","0.113","","","","",""
"Samoa"," 1999","0.691","2.009","","0.029","","","","",""
"San Marino"," 2014","6.362","8.546","0.696","0.696","","","","5.254",""
"San Marino"," 2013","5.225","","","0.733","","","","5.416",""
"San Marino"," 2012","5.261","","","0.738","","","","5.454",""
"San Marino"," 2011","5.01","","","0.743","","","","6.529",""
"Sao Tome and Principe"," 2004","0.541","2.057","0.073","0.16","0.341","0.127","2.498","1.943","1.923"
"Saudi Arabia"," 2014","2.568","5.207","0.398","0.701","","","","",""
"Saudi Arabia"," 2012","2.425","4.736","","0.529","","","","2.603",""
"Saudi Arabia"," 2011","2.416","4.677","","0.532","","","","2.574",""
"Saudi Arabia"," 2010","2.35","4.62","","0.531","","","","2.446",""
"Saudi Arabia"," 2009","2.017","4.045","","0.545","","","","2.175",""
"Saudi Arabia"," 2008","1.997","3.788","","0.593","","","","1.928",""
"Saudi Arabia"," 2001","0.657","","0.072","","","","","",""
"Saudi Arabia"," 2000","0.699","1.706","","0.04","","","","","0.507"
"Senegal"," 2008","0.061","0.43","0.009","0.01","0.021","0.099","","0.182","0.296"
"Senegal"," 2004","0.054","0.3","0.009","0.008","0.006","0.064","","0.064","0.051"
"Serbia"," 2014","2.463","5.043","0.26","0.264","","","","0.302",""
"Serbia"," 2013","2.489","","0.268","0.267","","","","0.298",""
"Serbia"," 2012","2.484","","0.274","0.265","","","","0.294",""
"Serbia"," 2011","2.484","","0.283","0.261","","","","0.293",""
"Serbia"," 2010","2.463","","0.279","0.248","","","","0.283",""
"Serbia"," 2009","2.292","","0.25","0.224","","","","",""
"Seychelles"," 2012","0.984","4.433","0.148","0.042","","","","10.262",""
"Seychelles"," 2011","1.141","5.223","0.192","0.053","","","","8.048",""
"Seychelles"," 2010","1.074","4.426","0.204","0.043","","","","9.067",""
"Seychelles"," 2009","1.115","4.721","0.173","0.043","","","","10.784",""
"Seychelles"," 2008","0.764","4.442","0.131","0.044","","","","13.205",""
"Seychelles"," 2007","1.002","4.524","0.176","0.044","","","","3.908",""
"Seychelles"," 2006","0.834","4.605","0.167","0.044","","","","2.08",""
"Seychelles"," 2005","1.172","4.395","0.113","0.079","","","","2.085",""
"Seychelles"," 2004","1.385","7.258","1.076","0.698","0.675","0.881","","0.401",""
"Sierra Leone"," 2010","0.024","0.319","0.001","0.02","0.002","0.028","0.023","0.006",""
"Sierra Leone"," 2008","0.017","0.179","0.004","0.035","0.009","0.024","0.024","0.004","0.004"
"Sierra Leone"," 2004","0.034","0.515","0.001","0.07","","0.028","0.115","0.001",""
"Singapore"," 2013","1.913","5.649","0.398","0.404","","","","0.864",""
"Singapore"," 2012","1.82","5.55","0.356","0.374","","","","0.865",""
"Singapore"," 2011","1.747","5.194","0.342","0.388","","","","",""
"Singapore"," 2010","1.736","5.777","0.297","0.357","","","","0.476",""
"Singapore"," 2009","1.676","5.396","0.295","0.334","","","","",""
"Singapore"," 2008","1.617","4.992","0.292","0.319","","","","",""
"Singapore"," 2007","1.56","4.719","0.286","0.313","","","","",""
"Singapore"," 2006","1.502","4.535","0.287","0.308","","","","",""
"Singapore"," 2005","1.501","4.486","0.284","0.296","","","","",""
"Singapore"," 2004","1.484","4.418","0.28","0.294","","","","",""
"Singapore"," 2003","1.5","","0.28","0.301","","","","",""
"Singapore"," 2001","1.428","4.324","0.27","0.284","","","","",""
"Singapore"," 1999","1.393","4.172","0.246","0.273","","","","",""
"Slovakia"," 2014","","6.078","","","","","","1.245",""
"Slovakia"," 2013","3.387","6.071","0.697","0.996","0.704","","0.018","2.644",""
"Slovakia"," 2012","","","","","","","","1.295",""
"Slovakia"," 2011","","","","","","","","1.474",""
"Slovakia"," 2010","","","","","","","","1.504",""
"Slovakia"," 2009","3.295","6.382","0.487","0.54","","","","2.262",""
"Slovakia"," 2007","3.005","","","","","","","",""
"Slovenia"," 2014","2.765","8.611","0.661","0.602","","","","2.472",""
"Slovenia"," 2013","2.623","","0.648","0.576","","","","2.551",""
"Slovenia"," 2012","2.534","","0.628","0.562","","","","2.324",""
"Slovenia"," 2011","2.487","","0.622","0.549","","","","2.032",""
"Slovenia"," 2010","2.426","","0.613","0.537","","","","2.014",""
"Solomon Islands"," 2011","0.203","","","","","","","",""
"Solomon Islands"," 2009","0.229","2.098","","","","","","",""
"Solomon Islands"," 2005","0.19","1.479","0.111","0.113","","","","",""
"Solomon Islands"," 2003","0.134","1.411","","","","","","",""
"Solomon Islands"," 1999","0.135","0.9","0.065","0.07","","","","",""
"Somalia"," 2014","0.029","0.078","","","","","","",""
"Somalia"," 2006","0.035","0.111","","0.006","","","","",""
"Somalia"," 2005","","","","","0.022","0.005","","0.062","0.009"
"South Africa"," 2015","0.767","5.113","0.198","0.629","0.179","0.065","","2.171",""
"South Africa"," 2014","0.756","5.011","0.195","0.602","0.174","0.064","","2.132",""
"South Africa"," 2013","0.742","4.88","0.195","","0.166","0.062","","2.063",""
"South Africa"," 2012","0.725","4.708","0.183","0.397","0.159","0.062","","1.987",""
"South Africa"," 2011","0.715","4.56","0.176","0.357","0.152","0.056","","1.912",""
"South Africa"," 2010","0.728","4.477","0.171","","0.146","0.054","","1.787",""
"South Africa"," 2009","","4.35","","","","","","",""
"South Africa"," 2008","","4.227","","","","","","",""
"South Africa"," 2007","","4.104","","","","","","",""
"South Africa"," 2006","","4.016","","","","","","",""
"South Africa"," 2005","","3.956","","","","","","",""
"South Africa"," 2004","0.731","3.87","0.126","0.263","0.042","0.053","0.192","0.957","0.48"
"South Africa"," 2003","","3.784","","","","","","",""
"South Africa"," 2002","","3.736","","","","","","",""
"South Africa"," 2001","","3.781","","","","","","",""
"South Africa"," 2000","","3.823","","","","","","",""
"South Africa"," 1999","","3.909","","","","","","",""
"South Africa"," 1998","","3.985","","","","","","",""
"Spain"," 2014","3.819","5.358","0.72","1.18","","","","10.139",""
"Spain"," 2013","3.824","","0.698","1.122","","","","10.382",""
"Spain"," 2012","3.835","","0.669","1.055","","","","10.693",""
"Spain"," 2011","3.838","","0.622","0.937","","","","10.812",""
"Spain"," 2010","3.756","","0.597","0.923","","","","10.461",""
"Spain"," 2009","4.731","5.518","0.577","1.369","","","","0.833",""
"Spain"," 2008","4.67","5.457","0.561","1.364","","","","0.793",""
"Spain"," 2007","4.603","5.375","0.542","1.366","","","","0.744",""
"Spain"," 2006","4.56","5.322","0.523","1.369","","","","0.694",""
"Spain"," 2005","4.541","5.267","0.505","1.357","","","","0.095",""
"Spain"," 2004","4.51","5.224","0.488","1.345","","","","0.086",""
"Spain"," 2003","4.489","5.198","0.471","1.33","","","","0.079",""
"Spain"," 2002","4.446","5.103","0.461","1.308","","","","",""
"Spain"," 2001","4.376","5.058","0.449","1.277","","","","",""
"Spain"," 2000","4.393","5.018","0.43","1.246","","","","",""
"Spain"," 1999","4.33","4.886","0.418","1.206","","","","",""
"Spain"," 1998","4.271","4.797","0.402","1.165","","","","",""
"Spain"," 1997","4.206","4.547","0.382","1.125","","","","",""
"Spain"," 1996","4.152","4.439","0.373","1.084","","","","",""
"Spain"," 1995","4.09","4.329","0.352","1.041","","","","",""
"Spain"," 1994","4.089","4.237","0.334","1.017","","","","",""
"Spain"," 1993","4.031","4.248","0.31","1.002","","","","",""
"Spain"," 1992","3.962","4.185","0.3","0.983","","","","",""
"Spain"," 1991","3.902","4.105","0.286","0.958","","","","",""
"Spain"," 1990","3.795","4.044","0.264","0.934","","","","",""
"Sri Lanka"," 2012","","","0.06","0.037","0.144","0.069","","2.392",""
"Sri Lanka"," 2010","0.726","1.751","0.052","","","0.069","","0.055",""
"Sri Lanka"," 2009","0.684","1.559","0.043","","","0.073","","0.052",""
"Sri Lanka"," 2008","0.626","1.507","0.066","","","0.074","","0.057",""
"Sri Lanka"," 2007","0.556","2.053","0.088","0.045","0.08","0.122","","1.892",""
"Sri Lanka"," 2006","0.523","1.674","0.06","","","0.078","","0.06",""
"Sri Lanka"," 2005","0.522","1.409","0.049","","","0.077","","0.065",""
"Sri Lanka"," 2004","0.541","1.715","0.064","0.051","0.065","0.08","","0.08","0.006"
"Sri Lanka"," 2002","","1.062","0.039","","","0.074","","0.07",""
"Sri Lanka"," 2001","0.443","0.835","","","","0.06","","0.071",""
"Sri Lanka"," 2000","0.424","1.191","0.034","","","","","0.072",""
"Sri Lanka"," 1999","0.375","0.753","0.028","","","0.048","","0.072",""
"Sri Lanka"," 1998","0.346","0.787","0.026","","","0.049","","0.071",""
"Sri Lanka"," 1997","0.305","0.748","0.025","","","0.05","","0.075",""
"Sri Lanka"," 1996","0.278","0.758","0.023","","","0.051","","0.076",""
"Sri Lanka"," 1995","0.222","1.085","0.021","","","0.051","","0.074",""
"Sri Lanka"," 1994","0.185","0.965","","","","0.047","","0.072",""
"Sri Lanka"," 1993","0.207","1.03","0.022","0.032","0.046","0.049","","0.124",""
"Sri Lanka"," 1992","0.165","0.868","0.02","","","0.052","","0.068",""
"Sri Lanka"," 1991","0.139","0.801","0.018","","","0.051","","0.061",""
"Sri Lanka"," 1990","","0.737","0.02","","","0.056","","0.063",""
"Sudan"," 2014","3.058","1.157","0.195","0.487","","","","",""
"Sudan"," 2008","0.314","0.941","0.022","0.011","","","","",""
"Sudan"," 2007","0.337","0.966","0.022","0.011","","","","",""
"Sudan"," 2006","0.338","1.017","0.029","0.047","","0.088","","0.662","0.785"
"Sudan"," 2004","0.242","1.01","0.035","0.114","0.1","0.093","0.186","0.278","1.135"
"Suriname"," 2004","0.817","5.273","0.086","","","","","",""
"Suriname"," 2000","0.397","1.431","0.008","","","","","",""
"Swaziland"," 2009","0.147","1.386","0.05","0.043","0.049","0.099","","1.119","0.216"
"Swaziland"," 2004","0.156","6.237","0.029","0.064","0.07","0.1","4.293","0.563","0.283"
"Swaziland"," 2003","0.147","","","","","","","",""
"Swaziland"," 2001","0.167","","","","","","","",""
"Swaziland"," 2000","0.002","3.145","0.019","0.043","0.02","0.023","","0.077",""
"Sweden"," 2013","4.107","11.892","0.805","0.755","","","","1.301",""
"Sweden"," 2012","4.033","","0.81","0.767","","","","1.29",""
"Sweden"," 2011","3.96","","0.809","0.769","","","","1.275",""
"Sweden"," 2010","3.89","","0.804","0.76","","","","1.271",""
"Sweden"," 2007","3.244","10.977","0.824","","","","","1.193",""
"Switzerland"," 2014","4.114","17.813","0.514","0.544","","","","7.205",""
"Switzerland"," 2013","4.025","","0.518","0.539","","","","7.163",""
"Switzerland"," 2012","3.903","","0.521","0.542","","","","7.177",""
"Switzerland"," 2011","3.826","","0.52","0.531","","","","6.987",""
"Switzerland"," 2010","3.806","","0.525","0.54","","","","6.937",""
"Syrian Arab Republic"," 2014","1.546","2.302","0.883","1.476","","","","",""
"Syrian Arab Republic"," 2010","1.505","1.933","0.771","0.799","","","","",""
"Syrian Arab Republic"," 2009","1.455","1.9","0.768","0.834","","","","",""
"Syrian Arab Republic"," 2008","1.528","1.894","0.805","0.825","","","","",""
"Syrian Arab Republic"," 2007","1.523","1.934","0.761","0.669","","","","",""
"Syrian Arab Republic"," 2005","1.558","1.908","0.867","0.729","","","","0.955",""
"Syrian Arab Republic"," 2004","1.465","1.93","0.866","0.72","","","","0.936",""
"Syrian Arab Republic"," 2003","1.414","1.862","0.862","0.625","","","","0.855",""
"Syrian Arab Republic"," 2002","1.475","1.971","0.86","0.592","","","","0.827",""
"Syrian Arab Republic"," 2000","1.37","1.961","0.682","0.542","","","","0.736",""
"Syrian Arab Republic"," 1999","1.339","1.91","0.67","0.513","","","","0.703",""
"Syrian Arab Republic"," 1998","1.342","2.323","0.673","0.51","","","","1.319",""
"Syrian Arab Republic"," 1997","1.299","2.228","0.644","0.478","","","","1.317",""
"Tajikistan"," 2014","1.714","4.729","0.155","","","","","0.021",""
"Tajikistan"," 2013","1.698","","0.16","","","","","0.019",""
"Tajikistan"," 2012","1.715","","0.153","","","","","0.02",""
"Tajikistan"," 2011","1.708","","0.158","","","","","0.021",""
"Tajikistan"," 2010","1.685","","0.163","","","","","0.021",""
"Tajikistan"," 2008","1.917","","","","","","","",""
"Tajikistan"," 2007","1.886","","","","","","","",""
"Tajikistan"," 2006","1.909","","","","","","","",""
"Tajikistan"," 2005","1.95","","","","","","","",""
"Tajikistan"," 2004","1.95","","","","","","","",""
"Tajikistan"," 2003","1.942","","","0.104","","","","",""
"Tajikistan"," 2002","2.047","","","","","","","",""
"Tajikistan"," 2001","2.134","","","","","","","",""
"Tajikistan"," 2000","2.182","","","","","","","",""
"Tajikistan"," 1999","2.127","","","","","","","",""
"Tajikistan"," 1998","2.088","","","","","","","",""
"Tajikistan"," 1991","2.614","","","","","","","",""
"Thailand"," 2010","0.394","2.08","0.258","0.13","","0.566","","0.118",""
"Thailand"," 2009","0.34","1.65","0.213","0.126","0.017","0.411","","0.114",""
"Thailand"," 2008","0.317","1.586","0.198","0.129","0.016","0.406","","0.121",""
"Thailand"," 2007","0.295","1.524","0.19","0.12","0.018","0.46","","0.115",""
"Thailand"," 2006","0.286","1.536","0.189","0.12","0.015","0.449","","0.117",""
"Thailand"," 2004","0.289","1.479","0.063","0.113","","","","",""
"Thailand"," 2002","0.296","1.32","0.07","0.115","","","","",""
"Thailand"," 2001","0.299","1.231","0.068","0.108","","","","",""
"Thailand"," 1999","0.293","1.097","0.065","0.098","","","","",""
"Thailand"," 1998","0.293","1.04","0.064","0.097","","","","",""
"Thailand"," 1997","0.274","0.931","0.056","0.098","","","","",""
"Thailand"," 1995","0.239","0.916","0.049","0.099","","","","",""
"Thailand"," 1993","0.234","0.801","0.048","0.081","","","","",""
"Thailand"," 1991","0.224","0.711","0.042","0.076","","","","",""
"The former Yugoslav republic of Macedonia"," 2013","2.8","4.211","0.823","0.449","","","","0.149",""
"The former Yugoslav republic of Macedonia"," 2012","2.781","","0.798","0.429","","","","0.138",""
"The former Yugoslav republic of Macedonia"," 2011","2.734","","0.785","0.379","","","","0.136",""
"The former Yugoslav republic of Macedonia"," 2010","2.687","","0.775","0.336","","","","0.139",""
"The former Yugoslav republic of Macedonia"," 2009","2.605","","0.692","","","","","6.491","2.454"
"Timor-Leste"," 2011","0.078","1.191","0.043","0.122","0.167","0.084","","0.043","0.575"
"Timor-Leste"," 2010","0.079","1.187","0.042","0.123","0.162","0.084","","0.044","0.581"
"Timor-Leste"," 2009","0.044","1.167","0.038","0.059","0.142","0.078","","0.02","0.576"
"Timor-Leste"," 2008","0.037","1.07","","0.049","0.104","0.069","","0.017","0.525"
"Timor-Leste"," 2007","0.034","1.035","","0.024","0.079","0.05","","0.019","0.491"
"Timor-Leste"," 2004","0.082","1.865","0.047","0.015","0.037","0.023","1.721","0.019","0.191"
"Timor-Leste"," 2001","0.003","0.547","0.012","","0.039","0.024","","0.006","0.106"
"Togo"," 2008","0.058","0.3","0.003","0.002","0.062","0.011","","0.482","0.41"
"Togo"," 2007","0.049","0.42","0.003","0.002","0.071","0.043","","0.263","0.401"
"Togo"," 2004","0.041","0.357","0.004","0.025","0.097","0.053","0.088","0.112","0.246"
"Tonga"," 2012","","","","0.086","","","","",""
"Tonga"," 2010","0.558","3.848","","","","","","",""
"Tonga"," 2009","0.6","3.655","0.358","0.145","0.338","0.358","","1.595","0.483"
"Tonga"," 2008","0.554","3.54","","","","","","",""
"Tonga"," 2003","","","0.231","","","","","",""
"Tonga"," 2002","0.303","3.535","","","","","","",""
"Tonga"," 2001","0.356","3.464","0.335","0.173","","","","",""
"Trinidad and Tobago"," 2007","1.179","3.572","0.225","0.49","","","","0.075",""
"Trinidad and Tobago"," 2006","1.222","3.552","0.218","0.434","","","","0.077",""
"Trinidad and Tobago"," 2003","0.808","3.1","0.194","0.409","","","","0.047",""
"Trinidad and Tobago"," 2002","0.825","2.986","0.172","0.392","","","","0.058",""
"Trinidad and Tobago"," 2001","0.97","2.776","0.171","0.398","","","","0.058",""
"Trinidad and Tobago"," 2000","1.006","2.598","0.156","0.434","","","","0.056",""
"Trinidad and Tobago"," 1999","0.926","2.885","0.149","0.395","","","","0.049",""
"Trinidad and Tobago"," 1998","0.939","2.725","0.15","0.42","","","","0.046",""
"Trinidad and Tobago"," 1997","0.753","2.293","0.127","0.411","","","","0.043",""
"Trinidad and Tobago"," 1996","0.761","2.266","0.112","0.408","","","","0.036",""
"Trinidad and Tobago"," 1995","0.943","2.978","0.107","0.425","","","","0.035",""
"Tunisia"," 2014","1.648","3.189","0.383","0.221","","","","",""
"Tunisia"," 2010","1.222","","0.294","0.304","","","","3.214",""
"Tunisia"," 2009","1.191","3.284","0.24","0.2","","","","",""
"Tunisia"," 2008","1.162","3.296","0.22","0.2","","","","",""
"Tunisia"," 2007","1.025","","","","","","","3.084",""
"Tunisia"," 2006","","","0.182","0.221","","","","3.969",""
"Tunisia"," 2005","0.933","","0.183","0.209","","","","2.931",""
"Tunisia"," 2004","1.331","2.849","0.245","0.29","0.393","0.089","","1.078","1.758"
"Tunisia"," 2003","0.824","2.08","","","","","","",""
"Tunisia"," 2002","0.807","","0.141","0.208","","","","2.902",""
"Tunisia"," 2001","0.794","","0.141","0.204","","","","3.106",""
"Tunisia"," 2000","0.767","","0.136","0.201","","","","2.824",""
"Tunisia"," 1999","0.744","","0.135","0.176","","","","2.817",""
"Tunisia"," 1998","0.718","","0.134","0.171","","","","2.808",""
"Tunisia"," 1997","0.689","","0.128","0.167","","","","2.81",""
"Tunisia"," 1996","0.667","","0.12","0.165","","","","2.823",""
"Tunisia"," 1995","0.654","","0.114","0.164","","","","2.839",""
"Tunisia"," 1994","0.597","","0.113","0.158","","","","2.843",""
"Tunisia"," 1993","0.598","","0.114","0.151","","","","2.879",""
"Tunisia"," 1992","0.593","","0.113","0.155","","","","2.914",""
"Tunisia"," 1991","0.535","","0.096","0.155","","","","2.917",""
"Tunisia"," 1990","0.537","","0.098","0.151","","","","2.884",""
"Turkey"," 2014","1.749","2.519","0.297","0.351","","","","0.041",""
"Turkey"," 2013","1.755","","0.292","0.354","","","","0.039",""
"Turkey"," 2012","1.734","","0.286","0.355","","","","0.035",""
"Turkey"," 2011","1.714","","0.287","0.355","","","","0.031",""
"Turkey"," 2010","1.707","","0.296","0.367","","","","0.029",""
"Turkey"," 2009","1.665","2.169","0.289","0.354","","","","1.313",""
"Turkey"," 2008","1.609","2.098","0.284","0.352","","","","1.273",""
"Turkey"," 2007","1.559","2.04","0.277","0.345","","","","1.143",""
"Turkey"," 2006","1.521","1.85","0.267","0.337","","","","0.983",""
"Turkey"," 2005","1.486","1.794","0.267","0.335","","","","0.914",""
"Turkey"," 2004","1.45","1.777","0.267","0.338","","","","0.91",""
"Turkey"," 2003","1.43","1.758","0.269","0.339","","","","0.869",""
"Turkey"," 2002","1.412","1.748","0.251","0.342","","","","0.769",""
"Turkey"," 2001","1.399","1.781","0.25","0.345","","","","0.826",""
"Turkey"," 2000","1.348","1.757","0.252","0.347","","","","0.82",""
"Turkey"," 1999","1.316","1.791","0.228","0.354","","","","0.691",""
"Turkey"," 1998","1.261","1.798","0.219","0.35","","","","0.676",""
"Turkey"," 1997","1.22","1.78","0.211","0.34","","","","0.657",""
"Turkey"," 1996","1.193","1.74","0.209","0.331","","","","0.657",""
"Turkey"," 1995","1.185","1.774","0.2","0.326","","","","0.587",""
"Turkey"," 1994","1.143","1.595","0.199","0.319","","","","0.535",""
"Turkey"," 1993","1.077","1.596","0.195","0.312","","","","0.507",""
"Turkey"," 1992","1.021","1.533","0.192","0.297","","","","0.433",""
"Turkey"," 1991","0.97","1.48","0.193","0.291","","","","0.434",""
"Turkey"," 1990","0.938","1.396","0.195","0.292","","","","0.399",""
"Turkmenistan"," 2014","2.291","4.56","0.119","0.174","","","","0.018",""
"Turkmenistan"," 2013","2.266","","0.116","0.173","","","","0.016",""
"Turkmenistan"," 2012","2.279","","0.119","0.172","","","","0.017",""
"Turkmenistan"," 2011","2.314","","0.118","0.174","","","","0.018",""
"Turkmenistan"," 2010","2.295","","0.116","0.184","","","","0.018",""
"Turkmenistan"," 2002","4.355","9.426","0.19","0.353","","","","1.706",""
"Tuvalu"," 2009","1.224","","","","","","","",""
"Tuvalu"," 2008","1.022","6.539","0.409","0.204","0.102","1.226","","0.92","0.409"
"Tuvalu"," 2003","1.043","5.214","0.209","0.209","","","","",""
"Tuvalu"," 2002","0.63","4.092","0.21","0.105","","","","",""
"Uganda"," 2012","","","","0.034","","","","",""
"Uganda"," 2005","0.12","1.342","0.016","0.027","","","0.194","0.549","0.11"
"Uganda"," 2004","0.081","0.7","0.013","0.025","0.063","0.038","","0.152","0.234"
"Ukraine"," 2014","3","6.677","0.599","0.034","","","","0.99",""
"Ukraine"," 2013","3.506","","0.685","0.041","","","","1.211",""
"Ukraine"," 2012","3.501","","0.677","0.04","","","","1.24",""
"Ukraine"," 2011","3.495","","0.665","0.039","","","","1.297",""
"Ukraine"," 2010","3.494","","0.66","0.04","","","","1.329",""
"Ukraine"," 2001","","","","0.488","","","","",""
"United Arab Emirates"," 2014","1.558","3.061","0.31","0.368","","","","",""
"United Arab Emirates"," 2011","","2.855","","","","","","",""
"United Arab Emirates"," 2010","1.531","2.925","","","","","","",""
"United Arab Emirates"," 2009","1.558","2.86","","","","","","",""
"United Arab Emirates"," 2008","1.929","3.497","","","","","","",""
"United Arab Emirates"," 2007","1.533","2.884","0.342","0.469","","","","",""
"United Arab Emirates"," 2006","","3.14","","","","","","",""
"United Arab Emirates"," 2005","1.55","3.312","","","","","","",""
"United Arab Emirates"," 2004","","3.612","0.344","0.505","","","","",""
"United Arab Emirates"," 2003","","3.877","","","","","","",""
"United Arab Emirates"," 2002","","3.787","0.25","0.354","","","","",""
"United Arab Emirates"," 2001","1.81","","0.296","0.337","","","","",""
"United Arab Emirates"," 2000","","3.24","","","","","","",""
"United Arab Emirates"," 1999","","3.744","","","","","","",""
"United Arab Emirates"," 1998","","4.495","","","","","","",""
"United Arab Emirates"," 1997","","3.655","","","","","","",""
"United Arab Emirates"," 1996","","3.667","","","","","","",""
"United Arab Emirates"," 1995","","3.68","","","","","","",""
"United Arab Emirates"," 1994","","3.8","","","","","","",""
"United Arab Emirates"," 1993","","3.891","","","","","","",""
"United Arab Emirates"," 1992","","4.069","","","","","","",""
"United Arab Emirates"," 1991","","3.88","","","","","","",""
"United Arab Emirates"," 1990","","2.858","","","","","","",""
"United Kingdom of Great Britain and Northern Ireland"," 2015","2.806","8.436","0.535","0.84","","","","0.416",""
"United Kingdom of Great Britain and Northern Ireland"," 2014","2.806","","0.538","0.828","","","","10.946",""
"United Kingdom of Great Britain and Northern Ireland"," 2013","2.777","","0.532","0.802","","","","10.36",""
"United Kingdom of Great Britain and Northern Ireland"," 2012","2.757","","0.529","0.782","","","","9.7",""
"United Kingdom of Great Britain and Northern Ireland"," 2011","2.745","","0.529","0.761","","","","9.135",""
"United Kingdom of Great Britain and Northern Ireland"," 2010","2.698","","0.517","0.648","","","","0.438",""
"United Kingdom of Great Britain and Northern Ireland"," 1997","2.294","12.172","1.549","0.51","0.344","0.248","","11.182","12.729"
"United Republic of Tanzania"," 2012","0.03","0.428","0.01","0.013","0.047","0.042","","0.686","0.007"
"United Republic of Tanzania"," 2006","0.007","0.234","0.006","","","","","0.169",""
"United Republic of Tanzania"," 2002","0.023","0.371","0.007","0.01","0.042","0.051","","0.838","0.01"
"United States of America"," 2013","2.554","","","","","","","8.229",""
"United States of America"," 2012","2.492","","","","","","","8.377",""
"United States of America"," 2011","2.458","","","","","","","8.478",""
"United States of America"," 2010","2.429","","","0.887","","","","8.645",""
"United States of America"," 2005","","9.884","","","","","","4.977",""
"United States of America"," 2004","2.704","","","","","","","",""
"United States of America"," 2000","2.583","9.437","1.639","0.882","2.301","","","14.629","12.471"
"United States of America"," 1995","2.428","8.919","","","","","","6.598",""
"Uruguay"," 2008","3.938","5.848","0.739","0.56","0.179","","","1.444","0.733"
"Uruguay"," 2002","3.721","0.865","1.183","","","","","",""
"Uzbekistan"," 2014","2.451","11.647","0.153","0.042","","","","1.73",""
"Uzbekistan"," 2013","2.479","","0.164","0.039","","","","1.785",""
"Uzbekistan"," 2012","2.518","","0.165","0.039","","","","1.825",""
"Uzbekistan"," 2011","2.576","","0.173","0.038","","","","1.88",""
"Uzbekistan"," 2010","2.614","","0.169","0.039","","","","1.854",""
"Vanuatu"," 2012","0.186","2.218","0.069","0.117","","","","",""
"Vanuatu"," 2008","0.115","1.686","0.013","0.009","","","0.941","0.257",""
"Vanuatu"," 2007","0.118","1.564","","","","0.045","0.514","1.037","0.255"
"Vanuatu"," 2004","0.147","1.763","","","","","","",""
"Vanuatu"," 1997","0.114","2.446","","","","","","",""
"Venezuela (Bolivarian Republic of)"," 2001","1.925","1.123","0.549","","","","","",""
"Venezuela (Bolivarian Republic of)"," 1997","","0.65","","","","","","",""
"Viet Nam"," 2013","1.18","1.226","","","","","","",""
"Viet Nam"," 2012","1.266","1.274","","","","","","",""
"Viet Nam"," 2011","1.152","1.13","","0.31","","","","",""
"Viet Nam"," 2010","1.127","1.064","","","","","","",""
"Viet Nam"," 2009","1.124","0.968","","","","","","",""
"Viet Nam"," 2008","1.237","1.017","","0.328","","","","",""
"Viet Nam"," 2007","1.208","0.946","","0.31","","","","",""
"Viet Nam"," 2006","1.196","0.876","","0.284","","","","",""
"Viet Nam"," 2005","1.201","0.827","","0.276","","","","",""
"Viet Nam"," 2002","0.549","0.755","","0.294","","","","",""
"Viet Nam"," 2001","0.522","0.73","","0.074","","","","",""
"Yemen"," 2014","0.311","0.757","0.021","0.104","","","","",""
"Yemen"," 2010","","0.703","0.038","0.097","0.165","0.025","0.001","0.315","0.449"
"Yemen"," 2009","0.31","","","","","","","",""
"Yemen"," 2008","0.31","","","","","","","",""
"Yemen"," 2004","0.338","0.69","0.043","0.132","0.236","0.04","0.302","0.23","0.654"
"Yemen"," 1997","0.233","0.405","0.016","0.074","0.074","","","0.23",""
"Zambia"," 2012","0.162","","0.027","0.083","0.046","0.038","","0.332",""
"Zambia"," 2011","0.161","","0.026","0.075","0.042","0.034","","0.322",""
"Zambia"," 2010","0.06","0.714","0.018","0.023","0.039","0.081","","1.025","0.033"
"Zambia"," 2009","0.059","0.703","0.018","0.023","","0.082","","1.09","0.066"
"Zambia"," 2008","0.061","0.693","","","","0.072","0.685","0.12",""
"Zambia"," 2006","0.052","0.676","","","0.045","0.065","","0.132","0.889"
"Zambia"," 2005","0.054","0.695","","","0.035","0.067","0.815","1.029","0.032"
"Zambia"," 2004","0.128","1.877","0.042","0.069","","0.088","","0.284","0.926"
"Zimbabwe"," 2011","0.074","1.194","0.018","0.033","0.047","0.128","","0.089","0.398"
"Zimbabwe"," 2010","0.066","1.219","0.017","0.034","0.045","0.106","","0.094","0.38"
"Zimbabwe"," 2009","0.06","1.215","0.013","0.184","0.038","0.086","","0.104","0.485"
"Zimbabwe"," 2008","0.055","","0.013","0.025","0.043","0.089","","0.108","0.437"
"Zimbabwe"," 2007","0.05","","0.014","0.024","0.036","0.095","","0.101","0.468"
"Zimbabwe"," 2004","0.162","","","0.069","0.071","0.111","","0.103",""
"Zimbabwe"," 1995","0.14","1.491","0.016","0.06","0.064","0.091","","0.01",""
"Zimbabwe"," 1990","0.126","1.447","0.015","0.048","0.032","0.09","","0.005",""
